Date,Price,Open,High,Low,Vol.,Change %
12/28/2022,73.06,74.19,74.54,72.84,10.22M,-1.70%
12/27/2022,74.32,74.33,74.74,74.16,8.96M,-0.76%
12/23/2022,74.89,74.89,75.35,74.17,7.45M,-0.52%
12/22/2022,75.28,76.28,76.43,74.01,12.98M,-2.41%
12/21/2022,77.14,75.86,77.42,75.77,10.78M,2.01%
12/20/2022,75.62,75.11,76.20,74.90,12.06M,-0.63%
12/19/2022,76.10,76.92,77.12,75.76,12.54M,-0.26%
12/16/2022,76.30,77.61,78.06,76.23,11.93M,-1.69%
12/15/2022,77.61,79.21,79.21,77.39,17.06M,-3.01%
12/14/2022,80.02,80.82,81.51,79.52,17.89M,-0.61%
12/13/2022,80.51,82.09,82.09,79.63,16.91M,0.10%
12/12/2022,80.43,79.79,80.43,78.80,11.45M,-0.32%
12/09/2022,80.69,80.85,82.19,80.69,13.79M,-0.14%
12/08/2022,80.80,79.45,80.97,79.10,11.18M,1.97%
12/07/2022,79.24,79.00,79.71,78.59,14.89M,-0.40%
12/06/2022,79.56,81.40,81.44,79.16,13.94M,-2.52%
12/05/2022,81.62,81.94,82.18,80.95,11.48M,0.15%
12/02/2022,81.50,81.81,82.16,81.15,10.52M,-1.43%
12/01/2022,82.68,83.04,83.63,81.14,15.69M,-0.36%
11/30/2022,82.98,80.63,83.43,80.47,20.81M,4.60%
11/29/2022,79.33,79.91,80.21,78.96,11.31M,0.14%
11/28/2022,79.22,80.27,81.08,78.89,13.20M,-2.68%
11/25/2022,81.40,82.14,82.37,81.40,5.91M,-0.70%
11/23/2022,81.97,82.44,82.94,81.73,14.68M,-0.69%
11/22/2022,82.54,81.35,83.19,81.23,16.50M,3.27%
11/21/2022,79.93,80.81,81.03,79.46,18.66M,-2.84%
11/18/2022,82.27,82.78,82.84,81.00,18.58M,0.97%
11/17/2022,81.48,79.30,82.94,78.69,24.28M,2.56%
11/16/2022,79.45,80.56,80.57,78.90,23.89M,-1.26%
11/15/2022,80.46,81.92,82.93,80.01,48.23M,10.52%
11/14/2022,72.80,73.24,73.68,72.24,10.32M,-1.40%
11/11/2022,73.83,72.91,74.60,72.39,15.52M,4.22%
11/10/2022,70.84,67.74,70.87,67.32,21.37M,8.98%
11/09/2022,65.00,66.53,66.60,64.95,15.05M,-0.03%
11/08/2022,65.02,64.37,65.75,64.22,14.07M,3.60%
11/07/2022,62.76,62.62,62.93,61.97,8.35M,0.45%
11/04/2022,62.48,61.51,62.50,61.02,12.79M,3.65%
11/03/2022,60.28,60.00,60.89,59.43,11.03M,-0.40%
11/02/2022,60.52,62.50,62.89,60.52,16.53M,-1.72%
11/01/2022,61.58,63.26,63.43,61.58,11.56M,0.05%
10/31/2022,61.55,61.59,62.26,61.07,10.77M,-0.74%
10/28/2022,62.01,60.77,62.03,60.07,11.97M,1.74%
10/27/2022,60.95,61.85,62.45,60.91,12.45M,0.18%
10/26/2022,60.84,60.86,61.98,60.43,14.05M,-0.49%
10/25/2022,61.14,59.96,61.36,59.51,21.60M,-0.24%
10/24/2022,61.29,60.58,61.62,59.68,24.98M,-3.86%
10/21/2022,63.75,62.21,63.76,62.02,13.70M,0.27%
10/20/2022,63.58,63.75,65.28,63.38,11.30M,-0.13%
10/19/2022,63.66,62.74,64.11,62.17,12.39M,-0.08%
10/18/2022,63.71,65.90,66.11,62.78,16.61M,-1.82%
10/17/2022,64.89,64.98,65.35,64.04,11.28M,1.52%
10/14/2022,63.92,67.26,67.45,63.78,19.45M,-4.05%
10/13/2022,66.62,63.06,70.20,62.32,36.36M,3.92%
10/12/2022,64.11,63.60,64.23,63.37,16.47M,1.04%
10/11/2022,63.45,64.20,64.91,62.62,28.53M,-5.92%
10/10/2022,67.44,69.85,69.88,67.01,16.00M,-3.31%
10/07/2022,69.75,71.85,72.00,69.75,14.76M,-6.19%
10/06/2022,74.35,73.97,74.92,73.86,11.74M,-0.17%
10/05/2022,74.48,72.92,74.91,72.58,14.04M,2.29%
10/04/2022,72.81,70.80,72.93,70.72,14.85M,5.14%
10/03/2022,69.25,68.08,69.57,67.65,11.95M,1.01%
09/30/2022,68.56,67.86,69.64,67.75,10.47M,-1.04%
09/29/2022,69.28,70.52,70.68,68.48,16.12M,-3.95%
09/28/2022,72.13,71.11,72.29,70.70,12.84M,-1.23%
09/27/2022,73.03,73.51,74.04,72.35,12.38M,0.03%
09/26/2022,73.01,73.47,74.19,72.92,13.44M,-1.16%
09/23/2022,73.87,74.30,74.39,73.09,12.69M,-2.33%
09/22/2022,75.63,76.45,76.75,75.36,10.82M,-1.96%
09/21/2022,77.14,77.58,79.31,77.14,10.85M,-1.29%
09/20/2022,78.15,77.54,78.43,77.51,8.19M,-0.10%
09/19/2022,78.23,76.55,78.23,76.54,10.37M,0.44%
09/16/2022,77.89,77.11,78.00,76.92,10.60M,-0.12%
09/15/2022,77.98,78.58,79.25,77.67,10.52M,-2.11%
09/14/2022,79.66,79.74,80.15,78.98,8.43M,1.08%
09/13/2022,78.81,80.42,81.14,78.51,12.79M,-4.07%
09/12/2022,82.15,81.97,82.50,81.76,7.89M,0.76%
09/09/2022,81.53,80.83,81.66,80.75,7.09M,1.61%
09/08/2022,80.24,79.01,80.74,78.77,8.16M,0.36%
09/07/2022,79.95,78.39,80.18,78.23,9.81M,-0.10%
09/06/2022,80.03,81.03,81.03,79.52,12.66M,-1.08%
09/02/2022,80.90,81.55,82.98,80.61,8.85M,-0.91%
09/01/2022,81.64,81.45,81.83,80.12,11.57M,-2.05%
08/31/2022,83.35,84.11,84.87,83.06,8.81M,0.68%
08/30/2022,82.79,83.78,83.98,81.73,8.26M,-0.07%
08/29/2022,82.85,83.91,84.32,82.78,9.61M,-2.23%
08/26/2022,84.74,87.50,87.79,84.65,9.38M,-3.23%
08/25/2022,87.57,86.33,87.59,86.01,6.58M,2.35%
08/24/2022,85.56,85.80,86.13,85.20,7.04M,-0.55%
08/23/2022,86.03,85.16,86.60,84.99,8.46M,0.93%
08/22/2022,85.24,85.41,86.03,84.94,7.78M,-2.25%
08/19/2022,87.20,88.50,88.59,87.01,9.60M,-2.32%
08/18/2022,89.27,88.71,89.67,88.42,9.63M,0.08%
08/17/2022,89.20,89.00,89.77,88.48,9.09M,-0.83%
08/16/2022,89.95,91.14,91.35,88.57,10.57M,-1.77%
08/15/2022,91.57,90.01,91.94,90.00,15.94M,0.78%
08/12/2022,90.86,89.75,91.35,89.67,12.10M,1.50%
08/11/2022,89.52,89.96,91.00,89.31,11.11M,0.96%
08/10/2022,88.67,86.81,88.67,86.31,10.70M,4.06%
08/09/2022,85.21,86.94,87.14,84.44,13.08M,-3.10%
08/08/2022,87.94,88.98,89.10,86.91,12.12M,-2.04%
08/05/2022,89.77,88.03,90.97,88.01,13.29M,1.53%
08/04/2022,88.42,87.00,88.42,86.62,13.02M,2.21%
08/03/2022,86.51,85.96,86.77,84.56,20.77M,0.53%
08/02/2022,86.05,84.52,87.51,84.17,15.54M,-0.30%
08/01/2022,86.31,85.30,86.89,84.30,20.10M,-2.45%
07/29/2022,88.48,87.82,89.21,87.79,10.37M,-0.15%
07/28/2022,88.61,87.13,88.62,86.45,10.55M,1.12%
07/27/2022,87.63,85.31,87.90,85.31,9.35M,3.80%
07/26/2022,84.42,84.76,85.20,83.85,6.83M,-2.18%
07/25/2022,86.30,86.30,86.70,85.63,5.91M,-0.02%
07/22/2022,86.32,87.41,87.73,85.80,8.61M,-1.67%
07/21/2022,87.79,86.68,87.79,86.40,7.09M,1.42%
07/20/2022,86.56,85.18,86.75,85.11,10.35M,0.48%
07/19/2022,86.15,85.00,86.47,84.56,10.48M,3.07%
07/18/2022,83.58,86.06,86.08,83.37,11.32M,-2.39%
07/15/2022,85.63,85.58,86.04,83.96,14.06M,2.34%
07/14/2022,83.67,82.95,84.04,80.51,22.27M,2.93%
07/13/2022,81.29,79.28,81.72,78.90,14.59M,2.77%
07/12/2022,79.10,81.16,81.48,78.93,10.21M,-0.01%
07/11/2022,79.11,79.77,80.27,78.82,8.99M,-2.94%
07/08/2022,81.51,79.92,82.16,79.76,10.00M,1.07%
07/07/2022,80.65,78.60,80.96,78.34,15.75M,6.74%
07/06/2022,75.56,74.29,76.30,73.78,10.84M,-0.72%
07/05/2022,76.11,74.55,76.15,73.74,21.97M,-1.16%
07/01/2022,77.00,79.04,79.22,76.18,19.53M,-5.81%
06/30/2022,81.75,81.46,82.22,80.12,14.14M,-2.27%
06/29/2022,83.65,84.43,84.61,83.33,7.92M,-0.82%
06/28/2022,84.34,86.15,86.81,84.34,8.11M,-1.77%
06/27/2022,85.86,86.92,87.00,85.58,7.18M,-0.07%
06/24/2022,85.92,84.15,86.55,84.15,10.67M,2.14%
06/23/2022,84.12,84.13,84.23,82.75,10.28M,-0.93%
06/22/2022,84.91,84.64,86.18,84.55,7.85M,-2.35%
06/21/2022,86.95,86.00,87.75,86.00,9.47M,2.29%
06/17/2022,85.00,85.00,85.60,83.95,9.74M,0.57%
06/16/2022,84.52,85.22,85.93,83.99,10.47M,-5.17%
06/15/2022,89.13,87.51,89.81,87.37,11.70M,2.23%
06/14/2022,87.19,86.74,87.88,86.29,10.35M,1.92%
06/13/2022,85.55,86.06,86.83,85.01,14.50M,-3.53%
06/10/2022,88.68,90.54,90.72,88.63,10.46M,-2.39%
06/09/2022,90.85,93.00,93.50,90.80,8.07M,-2.80%
06/08/2022,93.47,94.00,94.93,93.14,6.45M,-0.39%
06/07/2022,93.84,92.67,93.86,91.77,7.34M,0.78%
06/06/2022,93.11,95.00,95.54,92.86,9.44M,-0.70%
06/03/2022,93.77,94.36,94.58,92.90,9.14M,-2.67%
06/02/2022,96.34,93.99,96.37,93.62,6.32M,1.68%
06/01/2022,94.75,95.60,96.36,93.82,6.15M,-0.58%
05/31/2022,95.30,95.54,96.29,94.51,9.62M,1.63%
05/27/2022,93.77,92.62,93.82,92.53,6.28M,3.04%
05/26/2022,91.00,89.41,91.36,89.04,9.76M,0.65%
05/25/2022,90.41,89.33,90.92,89.04,9.03M,1.90%
05/24/2022,88.72,89.52,89.80,88.52,8.65M,-3.04%
05/23/2022,91.50,91.02,91.91,90.65,6.64M,0.79%
05/20/2022,90.78,93.04,93.04,88.83,10.47M,0.63%
05/19/2022,90.21,89.84,92.10,89.56,7.74M,-0.35%
05/18/2022,90.53,92.07,93.23,90.37,9.50M,-2.99%
05/17/2022,93.32,93.30,93.49,92.37,7.58M,3.22%
05/16/2022,90.41,89.87,91.37,89.50,6.72M,-0.60%
05/13/2022,90.96,89.03,91.34,88.20,11.18M,3.73%
05/12/2022,87.69,86.22,88.21,85.39,11.49M,-0.16%
05/11/2022,87.83,88.87,90.57,87.80,11.17M,-1.11%
05/10/2022,88.82,90.02,90.29,88.09,11.37M,1.74%
05/09/2022,87.30,89.94,90.19,87.01,11.43M,-4.73%
05/06/2022,91.63,91.40,92.88,90.27,7.94M,-0.56%
05/05/2022,92.15,94.04,94.38,91.22,11.52M,-4.00%
05/04/2022,95.99,93.91,96.07,91.92,9.08M,2.52%
05/03/2022,93.63,92.78,94.04,92.51,9.51M,-0.14%
05/02/2022,93.76,92.53,94.27,91.25,7.91M,0.89%
04/29/2022,92.93,93.18,95.59,92.77,10.63M,-2.40%
04/28/2022,95.22,92.16,96.20,91.78,14.89M,5.50%
04/27/2022,90.26,91.84,92.69,90.22,15.85M,-2.71%
04/26/2022,92.77,94.94,95.02,92.77,12.27M,-3.61%
04/25/2022,96.24,95.02,96.27,94.47,8.84M,0.59%
04/22/2022,95.68,97.03,97.79,95.36,11.65M,-2.03%
04/21/2022,97.66,99.75,100.65,97.41,11.49M,-1.36%
04/20/2022,99.01,100.40,101.00,98.90,8.56M,-0.44%
04/19/2022,99.45,98.44,99.45,97.71,8.59M,0.69%
04/18/2022,98.77,97.95,99.84,97.47,8.77M,0.42%
04/14/2022,98.36,104.00,104.50,98.33,17.83M,-3.09%
04/13/2022,101.50,99.80,102.22,99.50,13.88M,4.17%
04/12/2022,97.44,100.00,100.15,97.44,11.66M,-0.13%
04/11/2022,97.57,98.22,98.38,96.91,10.02M,-1.73%
04/08/2022,99.29,100.62,100.70,99.12,11.80M,-1.22%
04/07/2022,100.52,100.42,101.23,99.65,10.07M,-0.65%
04/06/2022,101.18,100.42,102.14,99.72,14.90M,-1.29%
04/05/2022,102.50,104.48,104.60,102.11,12.06M,-2.19%
04/04/2022,104.79,104.02,105.57,103.28,9.07M,1.95%
04/01/2022,102.79,105.77,105.95,102.21,12.09M,-1.41%
03/31/2022,104.26,106.96,107.15,104.19,12.94M,-2.31%
03/30/2022,106.73,107.79,109.34,106.51,15.44M,-2.31%
03/29/2022,109.25,107.92,109.75,106.79,13.83M,2.75%
03/28/2022,106.33,105.62,106.72,104.61,8.12M,-0.37%
03/25/2022,106.73,107.69,107.98,105.84,7.43M,-1.10%
03/24/2022,107.92,106.78,107.98,105.83,10.78M,2.44%
03/23/2022,105.35,106.50,108.19,105.35,8.61M,-1.58%
03/22/2022,107.04,106.39,107.96,106.23,10.38M,0.11%
03/21/2022,106.92,106.72,107.21,105.13,10.34M,0.19%
03/18/2022,106.72,105.71,107.04,104.89,10.22M,0.22%
03/17/2022,106.49,105.75,106.53,104.75,7.90M,0.76%
03/16/2022,105.69,102.99,105.79,102.81,19.41M,3.53%
03/15/2022,102.09,98.03,102.14,97.62,12.93M,2.81%
03/14/2022,99.30,101.52,101.86,99.07,17.93M,-2.08%
03/11/2022,101.41,105.21,105.21,101.31,18.12M,-2.45%
03/10/2022,103.96,104.19,105.53,102.52,11.80M,-0.94%
03/09/2022,104.95,104.50,105.72,102.76,13.98M,4.95%
03/08/2022,100.00,100.21,103.11,98.62,21.08M,0.72%
03/07/2022,99.29,103.29,104.09,99.06,26.36M,-5.49%
03/04/2022,105.06,107.00,108.12,103.81,22.38M,-3.43%
03/03/2022,108.79,109.91,110.00,107.60,10.81M,-0.75%
03/02/2022,109.61,108.40,109.97,107.86,13.29M,1.44%
03/01/2022,108.05,110.00,111.11,107.05,20.11M,0.97%
02/28/2022,107.01,109.37,109.77,105.00,26.20M,-3.79%
02/25/2022,111.23,112.29,113.00,109.36,14.26M,-0.58%
02/24/2022,111.88,108.00,111.98,104.38,27.26M,-3.47%
02/23/2022,115.90,118.55,119.43,115.76,6.67M,-0.86%
02/22/2022,116.91,117.50,119.36,115.72,9.33M,-2.01%
02/18/2022,119.31,120.52,120.69,118.45,8.39M,-0.38%
02/17/2022,119.76,122.49,122.75,119.65,7.82M,-3.11%
02/16/2022,123.60,123.14,124.29,121.57,4.89M,-0.74%
02/15/2022,124.52,122.01,124.61,121.46,9.24M,3.97%
02/14/2022,119.77,119.95,121.55,118.00,7.81M,-1.02%
02/11/2022,121.01,125.50,126.58,120.45,9.85M,-2.97%
02/10/2022,124.71,124.80,128.66,124.36,10.37M,-0.65%
02/09/2022,125.52,124.88,125.55,122.76,10.96M,1.46%
02/08/2022,123.71,122.00,123.86,121.61,7.04M,1.14%
02/07/2022,122.31,122.56,124.10,121.88,6.54M,1.07%
02/04/2022,121.02,120.44,121.83,119.39,5.74M,0.98%
02/03/2022,119.84,121.45,123.88,119.25,9.12M,-3.47%
02/02/2022,124.15,126.23,126.47,122.55,8.41M,0.89%
02/01/2022,123.05,122.90,123.24,120.10,6.21M,0.34%
01/31/2022,122.63,119.52,122.77,118.81,9.17M,4.27%
01/28/2022,117.61,118.71,119.60,114.19,14.01M,1.06%
01/27/2022,116.38,124.00,124.14,116.03,18.20M,-5.44%
01/26/2022,123.08,125.38,126.67,121.89,13.13M,0.49%
01/25/2022,122.48,125.49,125.82,121.70,10.98M,-2.76%
01/24/2022,125.96,123.77,126.07,120.13,16.98M,1.15%
01/21/2022,124.53,127.08,127.98,124.27,15.57M,-2.96%
01/20/2022,128.33,131.92,132.75,128.20,11.35M,-2.05%
01/19/2022,131.01,134.62,135.90,130.94,10.86M,-2.11%
01/18/2022,133.83,136.75,137.18,133.29,14.79M,-4.86%
01/14/2022,140.66,136.09,143.88,136.09,28.26M,1.06%
01/13/2022,139.19,140.75,145.00,138.92,51.73M,5.26%
01/12/2022,132.23,130.50,132.92,130.22,16.17M,2.37%
01/11/2022,129.17,126.54,129.55,125.50,11.91M,3.33%
01/10/2022,125.01,125.11,125.87,123.26,11.75M,1.22%
01/07/2022,123.50,126.55,127.14,123.31,21.25M,-3.87%
01/06/2022,128.47,127.00,129.00,124.81,15.52M,1.11%
01/05/2022,127.06,130.71,130.88,126.88,17.81M,-4.75%
01/04/2022,133.40,130.87,135.50,130.30,23.50M,3.57%
01/03/2022,128.80,124.13,129.59,124.00,16.54M,7.06%
12/31/2021,120.31,121.35,121.75,120.22,3.89M,-0.09%
12/30/2021,120.42,121.00,121.55,120.19,4.14M,-0.82%
12/29/2021,121.41,121.80,123.15,120.97,5.81M,-0.53%
12/28/2021,122.06,123.38,123.66,121.87,6.26M,-0.52%
12/27/2021,122.70,121.22,123.26,121.20,6.27M,1.67%
12/23/2021,120.68,120.96,121.79,119.84,6.51M,-0.51%
12/22/2021,121.30,116.92,121.44,116.83,9.23M,3.29%
12/21/2021,117.44,116.07,117.50,115.08,6.03M,2.18%
12/20/2021,114.94,115.92,116.62,113.91,6.93M,-1.19%
12/17/2021,116.32,116.29,117.49,115.93,11.77M,-0.21%
12/16/2021,116.57,120.34,120.75,116.14,9.04M,-3.18%
12/15/2021,120.40,116.79,120.51,116.48,6.65M,3.53%
12/14/2021,116.29,115.44,116.98,115.25,6.10M,-0.11%
12/13/2021,116.42,118.86,119.03,116.39,5.76M,-2.27%
12/10/2021,119.13,120.00,120.79,118.24,5.97M,-0.31%
12/09/2021,119.50,121.18,122.09,119.49,5.72M,-1.89%
12/08/2021,121.80,121.63,122.22,120.11,5.45M,-0.43%
12/07/2021,122.32,120.54,122.58,120.26,7.41M,2.67%
12/06/2021,119.14,118.89,119.50,116.58,5.67M,-0.16%
12/03/2021,119.33,121.00,121.85,117.98,7.81M,-1.95%
12/02/2021,121.70,120.35,123.40,120.02,8.41M,0.89%
12/01/2021,120.63,119.22,123.51,119.22,12.71M,2.97%
11/30/2021,117.15,118.10,120.17,115.76,9.31M,-1.79%
11/29/2021,119.28,118.36,119.88,117.90,7.00M,1.87%
11/26/2021,117.09,117.50,119.04,116.52,6.77M,-3.00%
11/24/2021,120.71,120.00,120.87,118.39,6.99M,-0.54%
11/23/2021,121.36,122.72,123.20,119.52,10.05M,-2.72%
11/22/2021,124.75,123.50,128.09,123.21,15.87M,0.39%
11/19/2021,124.26,122.03,124.80,122.02,9.08M,0.71%
11/18/2021,123.39,119.97,123.56,119.80,13.23M,3.64%
11/17/2021,119.06,118.00,119.55,117.51,6.35M,0.83%
11/16/2021,118.08,117.69,118.38,117.16,5.41M,-0.03%
11/15/2021,118.12,119.32,119.64,117.51,4.88M,-0.48%
11/12/2021,118.69,118.39,118.82,117.27,6.95M,0.42%
11/11/2021,118.19,119.26,120.46,117.80,6.97M,-0.01%
11/10/2021,118.20,119.60,120.80,117.68,8.77M,-2.94%
11/09/2021,121.78,121.25,123.27,120.17,10.77M,0.72%
11/08/2021,120.91,118.39,122.25,117.05,14.85M,2.64%
11/05/2021,117.80,118.17,119.53,116.25,8.67M,0.01%
11/04/2021,117.79,113.37,117.85,112.41,14.31M,3.32%
11/03/2021,114.01,113.44,114.10,112.73,6.05M,-0.09%
11/02/2021,114.11,113.59,114.80,113.54,4.47M,-0.01%
11/01/2021,114.12,113.58,114.34,113.35,4.82M,0.37%
10/29/2021,113.70,114.07,114.19,113.22,7.12M,-1.99%
10/28/2021,116.01,113.66,116.02,113.54,5.67M,1.99%
10/27/2021,113.75,114.03,115.06,113.71,5.12M,-0.38%
10/26/2021,114.18,114.94,115.30,113.72,4.82M,0.48%
10/25/2021,113.64,114.40,114.55,113.11,6.64M,-0.52%
10/22/2021,114.23,116.24,117.15,114.23,6.28M,-1.77%
10/21/2021,116.29,115.01,116.35,114.61,3.93M,0.61%
10/20/2021,115.59,116.88,117.03,115.55,7.46M,-1.17%
10/19/2021,116.96,115.80,116.98,115.63,5.17M,1.40%
10/18/2021,115.34,113.42,115.35,113.42,5.80M,0.42%
10/15/2021,114.86,114.78,114.95,112.96,11.56M,2.04%
10/14/2021,112.56,114.14,114.74,111.16,16.62M,2.35%
10/13/2021,109.98,109.32,110.05,108.95,7.85M,0.71%
10/12/2021,109.20,110.47,111.03,108.56,9.20M,-0.96%
10/11/2021,110.26,110.08,111.71,109.90,5.29M,0.20%
10/08/2021,110.04,110.98,111.07,109.51,5.14M,-0.71%
10/07/2021,110.83,111.00,111.71,110.49,7.65M,1.36%
10/06/2021,109.34,108.44,109.52,107.58,7.48M,0.07%
10/05/2021,109.26,109.80,110.35,109.22,8.04M,0.22%
10/04/2021,109.02,111.00,111.43,108.52,7.88M,-2.28%
10/01/2021,111.56,112.00,112.30,110.30,5.32M,-0.08%
09/30/2021,111.65,112.43,113.35,111.65,6.40M,0.03%
09/29/2021,111.62,112.30,112.85,111.02,6.51M,-0.25%
09/28/2021,111.90,114.33,115.04,111.85,9.75M,-3.66%
09/27/2021,116.15,115.70,116.57,115.01,4.54M,0.44%
09/24/2021,115.64,116.00,116.56,115.53,4.46M,-0.47%
09/23/2021,116.19,116.97,116.97,115.59,5.28M,0.28%
09/22/2021,115.87,115.23,116.24,114.91,5.34M,0.79%
09/21/2021,114.96,115.65,115.87,114.55,7.96M,0.23%
09/20/2021,114.70,115.20,116.01,113.55,8.70M,-2.59%
09/17/2021,117.75,120.19,120.47,117.69,10.73M,-2.52%
09/16/2021,120.79,120.00,121.13,119.35,7.29M,-0.58%
09/15/2021,121.50,122.40,122.50,120.88,5.56M,-1.29%
09/14/2021,123.09,123.63,123.63,122.40,5.10M,-0.43%
09/13/2021,123.62,122.94,124.10,122.20,6.61M,0.53%
09/10/2021,122.97,123.02,124.33,122.89,5.16M,0.24%
09/09/2021,122.68,122.19,123.49,121.88,4.92M,0.65%
09/08/2021,121.89,122.97,123.14,121.23,7.94M,-2.25%
09/07/2021,124.70,124.62,125.28,123.89,8.21M,0.59%
09/03/2021,123.97,121.58,124.48,121.26,10.37M,2.63%
09/02/2021,120.79,120.94,121.39,120.46,6.84M,0.27%
09/01/2021,120.46,120.21,121.36,119.56,8.27M,1.22%
08/31/2021,119.01,120.01,120.80,118.70,8.16M,0.02%
08/30/2021,118.99,118.88,119.50,118.47,6.43M,0.42%
08/27/2021,118.49,118.33,119.30,117.69,6.83M,0.33%
08/26/2021,118.10,117.98,118.46,116.35,9.76M,0.91%
08/25/2021,117.03,115.71,119.18,115.61,22.07M,4.39%
08/24/2021,112.11,111.82,113.07,111.80,6.60M,1.04%
08/23/2021,110.96,110.08,111.33,109.27,8.78M,2.63%
08/20/2021,108.12,109.14,109.71,107.73,13.04M,-2.17%
08/19/2021,110.52,109.00,110.97,107.68,12.03M,0.06%
08/18/2021,110.45,111.74,113.00,110.38,9.14M,-0.59%
08/17/2021,111.11,113.73,113.85,110.75,13.20M,-3.07%
08/16/2021,114.63,115.10,115.48,114.10,5.42M,-0.75%
08/13/2021,115.50,115.07,115.52,114.49,4.59M,-0.17%
08/12/2021,115.70,115.55,115.95,114.44,6.20M,-0.25%
08/11/2021,115.99,116.50,117.29,115.20,4.47M,-0.32%
08/10/2021,116.36,118.53,118.94,116.11,5.13M,-1.57%
08/09/2021,118.22,118.45,118.70,117.32,4.28M,0.01%
08/06/2021,118.21,118.37,118.60,117.45,4.34M,-0.85%
08/05/2021,119.22,119.15,119.22,118.29,4.45M,0.40%
08/04/2021,118.74,118.70,119.51,118.29,4.25M,0.28%
08/03/2021,118.41,117.48,118.63,116.84,5.87M,1.33%
08/02/2021,116.86,117.49,118.38,116.66,6.03M,0.19%
07/30/2021,116.64,115.50,117.42,115.19,6.48M,0.42%
07/29/2021,116.15,115.99,117.10,115.63,7.16M,0.94%
07/28/2021,115.07,114.00,115.48,113.91,6.82M,1.35%
07/27/2021,113.54,115.27,115.27,112.05,11.13M,-1.82%
07/26/2021,115.65,115.72,116.08,114.89,6.44M,-0.98%
07/23/2021,116.79,117.65,117.65,115.33,5.77M,0.20%
07/22/2021,116.56,118.09,118.09,116.21,5.75M,-1.11%
07/21/2021,117.87,116.23,117.87,115.93,5.56M,1.26%
07/20/2021,116.40,115.88,116.87,114.43,7.11M,0.91%
07/19/2021,115.35,114.00,115.62,113.23,9.23M,-0.34%
07/16/2021,115.74,118.75,118.99,115.17,12.11M,-1.52%
07/15/2021,117.53,119.94,120.60,116.87,23.73M,-5.51%
07/14/2021,124.39,125.11,125.77,124.08,10.59M,0.40%
07/13/2021,123.90,123.28,125.47,122.13,13.46M,1.04%
07/12/2021,122.63,121.18,122.72,119.52,10.67M,1.72%
07/09/2021,120.56,118.00,120.79,117.62,8.37M,2.28%
07/08/2021,117.87,115.76,118.27,115.40,7.57M,-0.32%
07/07/2021,118.25,120.70,120.97,118.22,7.39M,-1.50%
07/06/2021,120.05,119.56,120.95,118.22,7.18M,0.96%
07/02/2021,118.91,118.75,119.18,118.41,5.15M,0.41%
07/01/2021,118.42,119.91,120.14,118.05,8.30M,-1.45%
06/30/2021,120.16,119.85,120.73,119.02,7.94M,-0.06%
06/29/2021,120.23,119.40,120.29,118.42,7.87M,0.52%
06/28/2021,119.61,117.20,119.94,117.20,11.03M,2.64%
06/25/2021,116.53,117.45,117.93,116.53,6.71M,-0.61%
06/24/2021,117.24,117.02,117.66,116.30,6.77M,1.03%
06/23/2021,116.05,116.01,117.41,115.82,8.91M,1.50%
06/22/2021,114.33,113.22,114.48,112.01,11.79M,0.17%
06/21/2021,114.14,115.38,115.40,113.02,11.12M,-1.42%
06/18/2021,115.79,117.51,117.89,115.21,12.53M,-2.80%
06/17/2021,119.12,117.60,120.21,117.60,7.61M,0.93%
06/16/2021,118.02,119.55,119.89,117.50,8.06M,-1.20%
06/15/2021,119.45,120.35,122.00,119.27,8.20M,-1.27%
06/14/2021,120.99,118.55,121.00,118.46,7.61M,2.32%
06/11/2021,118.25,118.29,118.42,117.16,6.04M,0.01%
06/10/2021,118.24,117.04,118.85,116.63,8.57M,0.95%
06/09/2021,117.13,116.00,117.65,115.97,6.40M,1.04%
06/08/2021,115.92,117.55,117.68,115.06,11.56M,-1.95%
06/07/2021,118.22,118.14,118.75,117.57,6.27M,-1.08%
06/04/2021,119.51,118.23,119.85,118.05,5.35M,2.30%
06/03/2021,116.82,118.05,118.26,116.46,4.91M,-1.79%
06/02/2021,118.95,118.90,119.45,117.92,5.38M,0.37%
06/01/2021,118.51,119.71,120.04,117.43,7.60M,0.98%
05/28/2021,117.36,116.30,117.84,115.95,5.39M,1.37%
05/27/2021,115.77,116.00,116.53,115.00,6.51M,-0.20%
05/26/2021,116.00,114.00,116.00,114.00,6.61M,1.51%
05/25/2021,114.28,114.85,114.94,113.60,5.33M,0.57%
05/24/2021,113.63,112.26,114.54,112.12,6.65M,1.59%
05/21/2021,111.85,114.00,114.00,111.69,5.98M,-1.26%
05/20/2021,113.28,112.39,113.72,112.10,6.44M,0.78%
05/19/2021,112.40,108.50,112.49,108.00,7.28M,1.41%
05/18/2021,110.84,113.00,113.48,110.74,7.48M,0.95%
05/17/2021,109.80,109.07,110.03,107.87,10.69M,-2.37%
05/14/2021,112.46,110.61,112.83,110.24,8.43M,3.41%
05/13/2021,108.75,109.36,111.43,107.90,10.56M,0.50%
05/12/2021,108.21,109.35,110.09,108.06,15.06M,-4.11%
05/11/2021,112.85,109.73,112.99,109.13,10.01M,0.48%
05/10/2021,112.31,114.98,115.38,112.23,12.28M,-3.87%
05/07/2021,116.83,118.40,119.42,116.05,9.61M,-0.15%
05/06/2021,117.00,115.30,117.64,114.46,8.58M,1.40%
05/05/2021,115.38,116.00,116.49,114.85,7.06M,0.02%
05/04/2021,115.36,115.00,115.82,113.74,9.64M,-0.50%
05/03/2021,115.94,117.47,117.55,115.73,10.23M,-0.69%
04/30/2021,116.74,118.01,118.18,116.65,7.95M,-1.98%
04/29/2021,119.10,120.72,120.83,117.61,8.83M,-0.47%
04/28/2021,119.66,120.00,120.42,118.73,6.48M,-1.33%
04/27/2021,121.27,121.50,121.65,119.89,5.49M,-0.21%
04/26/2021,121.52,120.00,121.54,119.40,8.44M,2.43%
04/23/2021,118.64,116.58,118.72,115.93,8.39M,2.88%
04/22/2021,115.32,117.50,117.50,114.41,7.41M,-1.77%
04/21/2021,117.40,114.50,117.49,113.77,8.47M,2.13%
04/20/2021,114.95,116.05,116.78,114.55,9.30M,-0.39%
04/19/2021,115.40,118.00,118.88,115.20,12.63M,-2.89%
04/16/2021,118.84,119.19,120.60,117.85,9.51M,0.41%
04/15/2021,118.35,121.70,122.00,116.56,18.71M,-2.06%
04/14/2021,120.84,121.99,122.43,120.50,9.52M,-0.35%
04/13/2021,121.27,122.40,122.90,120.35,8.38M,0.31%
04/12/2021,120.90,122.21,122.46,119.24,9.87M,-1.55%
04/09/2021,122.80,122.75,123.44,121.70,8.32M,-0.51%
04/08/2021,123.43,121.38,123.82,121.38,10.23M,2.95%
04/07/2021,119.89,122.44,122.61,119.84,11.19M,-2.08%
04/06/2021,122.44,124.00,124.01,121.54,13.04M,-1.65%
04/05/2021,124.50,127.07,127.40,122.68,14.11M,-0.24%
04/01/2021,124.80,122.81,124.88,121.64,17.90M,5.51%
03/31/2021,118.28,115.79,118.36,115.56,9.81M,2.79%
03/30/2021,115.07,115.28,116.09,114.29,8.21M,0.59%
03/29/2021,114.39,116.55,116.76,112.39,10.86M,-1.86%
03/26/2021,116.56,112.00,116.70,111.20,12.91M,5.53%
03/25/2021,110.45,108.00,112.75,107.89,16.77M,1.37%
03/24/2021,108.96,112.47,114.69,108.85,24.20M,-5.16%
03/23/2021,114.89,116.10,116.75,114.61,8.98M,-1.95%
03/22/2021,117.18,114.79,118.33,114.79,9.38M,3.12%
03/19/2021,113.63,114.38,114.89,113.21,11.54M,-0.76%
03/18/2021,114.50,118.00,118.33,114.10,10.30M,-3.59%
03/17/2021,118.76,117.75,119.52,115.39,9.87M,-0.49%
03/16/2021,119.35,119.72,121.25,118.10,10.79M,0.23%
03/15/2021,119.08,118.65,119.11,116.71,8.95M,0.66%
03/12/2021,118.30,119.00,119.00,117.28,8.17M,-1.89%
03/11/2021,120.58,118.24,120.80,117.07,15.09M,5.93%
03/10/2021,113.83,117.80,118.03,113.41,15.24M,-2.19%
03/09/2021,116.38,117.07,118.40,115.33,17.72M,2.15%
03/08/2021,113.93,120.54,121.00,113.70,17.25M,-5.69%
03/05/2021,120.80,120.90,121.30,115.38,17.45M,4.51%
03/04/2021,115.59,121.95,123.15,113.49,24.45M,-5.94%
03/03/2021,122.89,126.72,127.76,122.71,10.66M,-2.47%
03/02/2021,126.00,128.43,128.52,126.00,8.27M,-2.42%
03/01/2021,129.13,129.63,130.30,127.24,9.71M,2.53%
02/26/2021,125.94,125.43,127.39,122.83,17.28M,-0.05%
02/25/2021,126.00,131.52,131.54,125.72,13.58M,-4.76%
02/24/2021,132.30,129.51,132.38,127.68,12.78M,2.48%
02/23/2021,129.10,129.10,131.74,125.38,18.44M,-3.35%
02/22/2021,133.57,133.59,135.28,133.18,10.36M,-2.26%
02/19/2021,136.66,136.15,137.95,135.72,10.77M,1.51%
02/18/2021,134.63,134.85,135.88,133.40,11.61M,-1.20%
02/17/2021,136.27,139.21,139.64,136.10,12.37M,-2.70%
02/16/2021,140.05,141.61,142.19,139.42,11.83M,1.44%
02/12/2021,138.06,138.91,139.81,137.16,11.11M,-0.79%
02/11/2021,139.16,135.40,139.23,134.06,12.35M,4.09%
02/10/2021,133.69,134.12,136.00,132.51,12.20M,0.76%
02/09/2021,132.68,133.98,134.41,131.75,7.93M,0.10%
02/08/2021,132.55,128.70,133.25,128.70,11.16M,3.73%
02/05/2021,127.78,128.79,128.88,126.70,6.23M,-0.29%
02/04/2021,128.15,127.50,128.20,125.97,7.45M,0.51%
02/03/2021,127.50,129.00,129.14,126.06,9.68M,-0.73%
02/02/2021,128.44,129.47,130.25,127.45,9.30M,1.41%
02/01/2021,126.66,124.54,126.85,123.38,10.18M,4.23%
01/29/2021,121.52,124.00,124.36,120.55,15.17M,-3.43%
01/28/2021,125.83,124.50,127.58,123.58,14.15M,3.36%
01/27/2021,121.74,124.95,125.10,121.50,16.73M,-3.88%
01/26/2021,126.65,129.05,129.31,126.25,17.08M,-2.97%
01/25/2021,130.52,131.83,132.17,127.35,20.47M,1.07%
01/22/2021,129.14,130.04,131.25,128.81,19.16M,-3.74%
01/21/2021,134.16,133.25,135.40,132.34,15.61M,2.69%
01/20/2021,130.64,135.19,136.13,130.10,17.36M,-0.50%
01/19/2021,131.30,130.59,134.05,128.44,20.44M,4.85%
01/15/2021,125.23,128.47,128.54,123.21,17.34M,-0.96%
01/14/2021,126.45,123.45,134.65,121.67,37.13M,6.06%
01/13/2021,119.23,124.40,124.80,118.00,20.65M,-3.07%
01/12/2021,123.00,125.16,125.20,121.68,14.16M,0.33%
01/11/2021,122.60,119.74,123.60,118.80,12.03M,3.29%
01/08/2021,118.69,125.91,126.29,116.98,18.98M,-2.26%
01/07/2021,121.43,119.34,122.94,117.59,13.56M,5.03%
01/06/2021,115.61,113.85,116.39,112.55,10.61M,2.52%
01/05/2021,112.77,112.41,114.95,112.01,10.58M,0.96%
01/04/2021,111.70,111.47,114.10,110.44,11.26M,2.44%
12/31/2020,109.04,109.66,109.67,108.44,4.91M,0.13%
12/30/2020,108.90,107.70,109.70,107.40,9.57M,3.16%
12/29/2020,105.56,107.00,107.15,105.22,4.60M,-0.56%
12/28/2020,106.15,107.60,108.17,105.95,5.16M,0.17%
12/24/2020,105.97,104.76,106.34,104.67,3.17M,2.13%
12/23/2020,103.76,104.67,104.87,103.60,3.32M,-0.17%
12/22/2020,103.94,105.07,105.22,102.91,5.60M,-0.85%
12/21/2020,104.83,103.56,104.96,103.32,6.12M,0.53%
12/18/2020,104.28,104.00,104.80,103.16,7.42M,0.37%
12/17/2020,103.90,104.90,105.32,103.85,7.78M,-1.24%
12/16/2020,105.20,105.65,105.67,103.96,5.99M,0.10%
12/15/2020,105.09,105.68,106.38,104.42,7.40M,1.48%
12/14/2020,103.56,103.77,104.90,103.50,5.88M,-0.45%
12/11/2020,104.03,104.01,105.12,103.22,7.49M,-0.19%
12/10/2020,104.23,103.00,105.11,102.20,7.14M,-0.18%
12/09/2020,104.42,106.01,106.60,103.51,8.20M,-1.15%
12/08/2020,105.64,107.78,107.84,105.11,9.88M,-0.70%
12/07/2020,106.39,106.02,107.61,104.97,11.79M,2.56%
12/04/2020,103.73,101.51,103.75,100.70,10.82M,4.25%
12/03/2020,99.50,101.06,101.19,99.43,7.36M,-0.04%
12/02/2020,99.54,102.00,102.03,99.52,8.68M,-1.31%
12/01/2020,100.86,98.69,104.30,98.52,16.16M,3.96%
11/30/2020,97.02,97.56,97.95,96.20,13.84M,-1.74%
11/27/2020,98.74,98.54,99.27,98.05,4.37M,1.28%
11/25/2020,97.49,96.20,97.99,96.14,5.19M,0.88%
11/24/2020,96.64,98.49,98.59,96.02,7.02M,-1.52%
11/23/2020,98.13,97.16,98.93,96.85,8.81M,2.94%
11/20/2020,95.33,96.66,97.20,95.30,5.34M,-1.32%
11/19/2020,96.61,96.77,96.86,95.62,5.54M,-0.33%
11/18/2020,96.93,98.52,98.80,96.37,8.53M,1.27%
11/17/2020,95.71,97.98,98.09,95.69,10.84M,-3.59%
11/16/2020,99.27,96.42,102.44,96.36,18.44M,6.49%
11/13/2020,93.22,91.54,93.81,91.21,9.18M,3.79%
11/12/2020,89.82,90.88,91.89,89.78,7.48M,-1.17%
11/11/2020,90.88,89.50,91.18,89.36,7.71M,3.67%
11/10/2020,87.66,88.40,88.80,86.70,8.35M,-1.54%
11/09/2020,89.03,92.20,92.48,88.94,8.98M,-2.60%
11/06/2020,91.41,89.81,91.50,89.05,6.40M,1.08%
11/05/2020,90.43,90.42,90.96,89.77,6.67M,1.10%
11/04/2020,89.45,88.72,89.77,88.46,7.62M,2.01%
11/03/2020,87.69,86.19,88.24,86.06,6.27M,2.31%
11/02/2020,85.71,84.60,85.96,84.53,6.60M,2.19%
10/30/2020,83.87,84.43,84.75,83.16,4.96M,-1.20%
10/29/2020,84.89,84.27,85.33,84.02,5.85M,1.24%
10/28/2020,83.85,85.15,85.41,83.84,8.73M,-3.30%
10/27/2020,86.71,86.96,87.22,85.97,5.32M,-0.02%
10/26/2020,86.73,87.21,87.78,85.77,5.57M,-1.79%
10/23/2020,88.31,88.25,88.45,87.43,4.17M,0.11%
10/22/2020,88.21,88.44,88.94,87.88,5.66M,0.65%
10/21/2020,87.64,88.00,88.87,87.57,7.39M,-0.70%
10/20/2020,88.26,87.79,88.98,87.77,7.36M,0.80%
10/19/2020,87.56,88.34,89.62,87.29,7.99M,0.99%
10/16/2020,86.70,88.55,88.59,86.44,7.46M,-1.64%
10/15/2020,88.15,87.29,89.49,87.19,10.34M,-0.51%
10/14/2020,88.60,89.65,89.88,88.27,8.20M,-1.16%
10/13/2020,89.64,90.50,90.65,89.43,8.25M,-1.40%
10/12/2020,90.91,89.12,91.27,88.68,10.02M,2.40%
10/09/2020,88.78,88.34,88.80,87.64,7.61M,1.12%
10/08/2020,87.80,88.86,88.86,86.52,10.92M,1.01%
10/07/2020,86.92,84.78,87.00,84.78,11.45M,4.57%
10/06/2020,83.12,83.77,84.45,82.77,7.80M,-1.68%
10/05/2020,84.54,81.55,84.63,81.55,10.13M,4.63%
10/02/2020,80.80,80.71,82.19,80.61,6.15M,-2.20%
10/01/2020,82.62,82.06,82.72,81.74,6.25M,1.91%
09/30/2020,81.07,80.59,81.94,80.57,5.88M,0.70%
09/29/2020,80.51,79.70,81.24,79.31,6.12M,0.93%
09/28/2020,79.77,80.31,80.37,79.47,6.00M,1.13%
09/25/2020,78.88,78.17,78.92,77.39,6.06M,0.64%
09/24/2020,78.38,76.82,79.00,76.17,9.94M,0.59%
09/23/2020,77.92,79.70,79.93,77.89,9.09M,-3.18%
09/22/2020,80.48,80.83,80.89,79.40,6.38M,-0.14%
09/21/2020,80.59,79.80,80.65,79.08,8.42M,0.45%
09/18/2020,80.23,82.37,82.84,80.11,10.53M,-2.05%
09/17/2020,81.91,81.00,82.28,80.61,10.09M,-1.47%
09/16/2020,83.13,86.49,86.49,83.04,14.51M,-3.17%
09/15/2020,85.85,81.56,86.79,81.38,21.05M,6.65%
09/14/2020,80.50,80.50,81.12,79.95,7.09M,2.13%
09/11/2020,78.82,80.01,80.30,78.60,7.85M,-0.10%
09/10/2020,78.90,80.74,81.23,78.76,11.24M,-0.63%
09/09/2020,79.40,78.62,79.70,78.55,7.87M,2.69%
09/08/2020,77.32,78.02,79.15,77.22,11.55M,-2.01%
09/04/2020,78.91,80.50,81.47,77.41,13.64M,-2.80%
09/03/2020,81.18,81.12,81.81,78.38,20.09M,-1.20%
09/02/2020,82.17,81.35,82.71,79.88,12.57M,0.76%
09/01/2020,81.55,80.12,81.60,79.99,10.21M,2.90%
08/31/2020,79.25,79.00,79.76,78.69,9.81M,-1.48%
08/28/2020,80.44,80.06,80.88,79.91,5.70M,-0.20%
08/27/2020,80.60,82.18,82.31,80.17,8.02M,-1.41%
08/26/2020,81.75,81.25,82.17,81.01,7.82M,2.14%
08/25/2020,80.04,79.85,80.48,79.47,6.11M,1.44%
08/24/2020,78.90,79.73,79.91,78.49,6.41M,0.71%
08/21/2020,78.34,78.02,78.73,77.86,7.94M,1.99%
08/20/2020,76.81,76.32,77.10,75.98,11.46M,-2.20%
08/19/2020,78.54,79.01,79.23,78.25,7.98M,-1.10%
08/18/2020,79.41,80.22,80.82,79.25,6.80M,-0.97%
08/17/2020,80.19,79.80,80.89,79.66,8.66M,2.27%
08/14/2020,78.41,78.42,79.23,78.05,5.61M,0.14%
08/13/2020,78.30,79.00,79.10,77.83,6.55M,-1.37%
08/12/2020,79.39,78.16,79.55,77.73,8.36M,1.86%
08/11/2020,77.94,79.09,79.20,77.94,7.06M,-2.42%
08/10/2020,79.87,80.55,80.85,79.22,7.42M,-0.20%
08/07/2020,80.03,80.49,80.78,79.41,8.71M,-0.61%
08/06/2020,80.52,82.04,82.10,80.22,9.84M,-1.36%
08/05/2020,81.63,80.98,84.00,80.57,14.45M,1.80%
08/04/2020,80.19,79.33,80.19,78.74,12.57M,1.57%
08/03/2020,78.95,77.77,79.15,77.41,10.14M,0.08%
07/31/2020,78.89,79.63,79.77,77.51,12.03M,-1.30%
07/30/2020,79.93,80.01,81.28,78.61,16.82M,-3.31%
07/29/2020,82.67,77.11,83.37,77.06,28.30M,7.48%
07/28/2020,76.92,79.34,79.58,76.49,31.50M,-7.60%
07/27/2020,83.25,81.36,83.40,80.43,39.90M,12.65%
07/24/2020,73.90,71.40,76.89,71.35,41.23M,9.69%
07/23/2020,67.37,68.26,68.50,66.75,8.56M,-1.69%
07/22/2020,68.53,68.10,68.90,68.03,7.37M,1.06%
07/21/2020,67.81,68.84,69.25,67.71,10.62M,1.38%
07/20/2020,66.89,66.70,66.98,65.80,6.36M,0.74%
07/17/2020,66.40,67.31,68.00,66.37,11.72M,-0.29%
07/16/2020,66.59,65.38,66.63,64.32,15.71M,0.80%
07/15/2020,66.06,67.18,67.21,65.16,12.43M,-1.34%
07/14/2020,66.96,66.00,67.03,65.33,10.48M,2.90%
07/13/2020,65.07,65.20,67.08,64.98,16.67M,1.91%
07/10/2020,63.85,64.47,64.56,63.19,10.70M,-1.44%
07/09/2020,64.78,62.95,64.97,62.89,16.90M,3.50%
07/08/2020,62.59,61.64,62.74,61.50,8.72M,3.10%
07/07/2020,60.71,61.26,61.50,60.68,6.67M,-1.89%
07/06/2020,61.88,60.67,62.13,60.56,12.73M,5.56%
07/02/2020,58.62,57.95,59.07,57.95,10.02M,3.17%
07/01/2020,56.82,56.97,57.47,56.76,6.87M,0.09%
06/30/2020,56.77,56.25,56.99,56.19,7.16M,0.67%
06/29/2020,56.39,56.34,56.41,55.66,5.02M,0.11%
06/26/2020,56.33,57.00,57.26,56.21,6.23M,-1.24%
06/25/2020,57.04,56.56,57.09,55.95,4.51M,0.81%
06/24/2020,56.58,56.71,57.06,56.16,7.08M,-0.32%
06/23/2020,56.76,56.64,57.16,56.53,7.84M,1.36%
06/22/2020,56.00,55.50,56.00,55.32,4.48M,1.25%
06/19/2020,55.31,56.48,56.50,55.27,6.97M,-1.50%
06/18/2020,56.15,56.04,56.54,55.79,6.83M,-0.80%
06/17/2020,56.60,56.15,56.82,55.89,8.25M,1.43%
06/16/2020,55.80,56.59,57.00,55.54,8.83M,-0.39%
06/15/2020,56.02,54.71,56.12,54.52,7.51M,0.04%
06/12/2020,56.00,56.50,56.87,55.35,9.84M,1.74%
06/11/2020,55.04,55.85,56.41,55.01,9.88M,-4.36%
06/10/2020,57.55,56.82,58.04,56.82,9.19M,1.66%
06/09/2020,56.61,55.29,56.63,54.95,9.36M,1.87%
06/08/2020,55.57,55.74,55.78,54.71,6.30M,0.67%
06/05/2020,55.20,55.50,56.34,55.06,9.78M,1.69%
06/04/2020,54.28,53.06,54.37,53.03,13.27M,2.30%
06/03/2020,53.06,52.64,53.25,52.42,8.38M,2.02%
06/02/2020,52.01,51.45,52.04,51.29,6.06M,1.92%
06/01/2020,51.03,50.91,51.28,50.54,6.19M,1.39%
05/29/2020,50.33,50.34,50.73,49.86,10.92M,0.10%
05/28/2020,50.28,51.46,51.62,50.10,8.18M,-2.82%
05/27/2020,51.74,51.03,51.74,50.75,11.41M,1.81%
05/26/2020,50.82,51.30,51.40,50.79,8.87M,2.05%
05/22/2020,49.80,50.84,50.86,49.61,12.46M,-1.87%
05/21/2020,50.75,52.10,52.21,50.69,7.84M,-2.10%
05/20/2020,51.84,51.58,52.09,50.50,8.41M,2.03%
05/19/2020,50.81,51.35,51.46,50.80,12.94M,-2.04%
05/18/2020,51.87,50.94,52.19,50.77,12.73M,4.16%
05/15/2020,49.80,50.56,51.05,49.38,17.78M,-4.41%
05/14/2020,52.10,50.43,52.15,49.79,13.70M,2.32%
05/13/2020,50.92,51.91,52.02,50.48,8.61M,-0.35%
05/12/2020,51.10,52.64,52.64,51.08,8.58M,-2.48%
05/11/2020,52.40,52.61,52.83,52.38,6.46M,-0.96%
05/08/2020,52.91,52.62,53.34,52.47,6.09M,1.11%
05/07/2020,52.33,52.95,52.98,52.10,5.50M,0.38%
05/06/2020,52.13,52.11,52.62,52.00,8.21M,0.81%
05/05/2020,51.71,52.21,52.58,51.58,7.78M,-0.84%
05/04/2020,52.15,51.79,52.18,51.27,7.51M,2.05%
05/01/2020,51.10,52.48,52.56,51.09,10.24M,-3.82%
04/30/2020,53.13,54.20,54.41,52.96,6.34M,-2.48%
04/29/2020,54.48,53.75,54.69,53.43,8.57M,3.26%
04/28/2020,52.76,53.51,53.73,52.68,8.56M,-1.40%
04/27/2020,53.51,53.15,53.75,52.97,5.81M,1.48%
04/24/2020,52.73,52.60,52.89,52.00,5.70M,0.17%
04/23/2020,52.64,52.81,53.13,52.26,7.62M,-0.59%
04/22/2020,52.95,52.48,53.11,52.41,8.26M,3.08%
04/21/2020,51.37,51.60,51.81,50.52,13.10M,-2.32%
04/20/2020,52.59,53.00,53.82,52.56,9.90M,-2.05%
04/17/2020,53.69,54.13,54.19,52.99,11.29M,2.46%
04/16/2020,52.40,51.81,53.14,51.67,18.62M,5.52%
04/15/2020,49.66,49.76,49.97,49.04,9.40M,-1.92%
04/14/2020,50.63,50.00,51.27,49.95,11.07M,3.86%
04/13/2020,48.75,48.74,49.09,47.96,9.87M,0.87%
04/09/2020,48.33,50.28,50.66,47.72,12.28M,-3.86%
04/08/2020,50.27,50.21,50.60,49.54,6.33M,1.11%
04/07/2020,49.72,51.29,51.32,49.66,6.57M,-0.50%
04/06/2020,49.97,48.63,50.10,48.51,7.37M,6.18%
04/03/2020,47.06,47.79,48.15,46.78,5.49M,-2.22%
04/02/2020,48.13,46.92,48.22,46.61,6.17M,3.48%
04/01/2020,46.51,46.83,47.56,46.30,8.76M,-2.68%
03/31/2020,47.79,47.80,49.03,47.66,9.60M,-0.06%
03/30/2020,47.82,47.18,48.16,46.77,8.43M,1.94%
03/27/2020,46.91,47.23,48.09,46.51,12.16M,-5.94%
03/26/2020,49.87,49.10,50.46,48.92,10.59M,1.78%
03/25/2020,49.00,49.30,50.05,48.05,9.80M,0.27%
03/24/2020,48.87,48.00,48.92,47.50,12.22M,7.98%
03/23/2020,45.26,45.12,45.60,43.52,10.51M,1.64%
03/20/2020,44.53,48.02,48.28,44.48,14.16M,1.46%
03/19/2020,43.89,43.74,45.18,42.70,11.18M,-1.08%
03/18/2020,44.37,43.80,46.09,43.26,15.02M,-8.59%
03/17/2020,48.54,45.75,48.56,45.03,13.42M,8.11%
03/16/2020,44.90,46.34,48.35,44.90,16.63M,-14.03%
03/13/2020,52.23,51.90,52.46,49.29,14.95M,7.27%
03/12/2020,48.69,49.66,50.99,48.51,15.94M,-6.80%
03/11/2020,52.24,53.11,53.56,52.09,14.50M,-4.16%
03/10/2020,54.51,53.71,54.62,52.49,11.70M,5.17%
03/09/2020,51.83,51.55,54.14,51.06,13.78M,-5.88%
03/06/2020,55.07,54.60,55.08,53.97,12.97M,-1.18%
03/05/2020,55.73,56.11,56.39,55.25,10.00M,-2.37%
03/04/2020,57.08,55.97,57.09,55.55,9.88M,4.01%
03/03/2020,54.88,56.30,56.37,54.04,14.66M,-1.96%
03/02/2020,55.98,54.37,56.01,53.83,13.80M,3.97%
02/28/2020,53.84,51.35,54.05,51.00,13.61M,1.03%
02/27/2020,53.29,54.20,54.60,53.27,11.88M,-3.16%
02/26/2020,55.03,54.49,55.41,54.38,10.97M,2.17%
02/25/2020,53.86,55.33,55.47,53.83,12.67M,-0.48%
02/24/2020,54.12,53.55,54.69,53.18,9.97M,-2.64%
02/21/2020,55.59,56.65,56.65,55.52,6.82M,-1.58%
02/20/2020,56.48,56.94,57.04,55.81,7.19M,-2.01%
02/19/2020,57.64,57.25,57.94,57.00,7.87M,2.60%
02/18/2020,56.18,56.10,56.56,55.63,10.99M,-3.45%
02/14/2020,58.19,59.02,59.17,57.87,6.93M,-1.92%
02/13/2020,59.33,59.13,59.70,58.73,6.46M,-0.50%
02/12/2020,59.63,59.25,59.75,58.90,5.96M,1.65%
02/11/2020,58.66,57.95,58.90,57.81,6.52M,2.88%
02/10/2020,57.02,56.44,57.05,56.34,4.28M,1.46%
02/07/2020,56.20,57.14,57.14,56.06,6.81M,-3.14%
02/06/2020,58.02,58.27,58.28,57.27,4.24M,0.17%
02/05/2020,57.92,58.10,58.15,57.17,6.59M,0.70%
02/04/2020,57.52,56.92,57.63,56.90,12.75M,5.02%
02/03/2020,54.77,54.35,54.94,54.14,9.60M,1.54%
01/31/2020,53.94,55.43,55.48,53.60,13.47M,-3.33%
01/30/2020,55.80,55.08,56.03,55.06,10.30M,-2.43%
01/29/2020,57.19,57.52,57.52,56.85,7.69M,0.18%
01/28/2020,57.09,55.73,57.12,55.48,8.12M,3.31%
01/27/2020,55.26,55.62,55.99,55.06,9.68M,-4.28%
01/24/2020,57.73,58.09,58.14,57.45,10.40M,0.43%
01/23/2020,57.48,57.86,58.07,56.62,10.00M,-1.49%
01/22/2020,58.35,58.90,58.94,58.31,8.12M,0.19%
01/21/2020,58.24,57.99,58.99,57.47,9.87M,-0.58%
01/17/2020,58.58,58.64,58.75,58.01,8.13M,-0.29%
01/16/2020,58.75,59.20,59.69,58.30,11.22M,0.62%
01/15/2020,58.39,59.67,59.70,58.26,10.08M,-3.20%
01/14/2020,60.32,60.16,60.64,59.92,6.72M,0.43%
01/13/2020,60.06,60.15,60.16,59.45,6.62M,2.04%
01/10/2020,58.86,59.70,59.70,58.77,4.81M,-0.62%
01/09/2020,59.23,59.69,59.70,58.70,5.11M,0.82%
01/08/2020,58.75,58.19,58.98,58.11,5.39M,0.74%
01/07/2020,58.32,57.45,58.60,56.74,7.51M,1.62%
01/06/2020,57.39,57.60,57.69,57.13,8.90M,-1.15%
01/03/2020,58.06,58.97,58.98,58.04,10.55M,-3.30%
01/02/2020,60.04,59.60,60.12,59.60,8.38M,3.34%
12/31/2019,58.10,57.68,58.13,57.46,2.95M,0.43%
12/30/2019,57.85,58.66,58.69,57.62,3.52M,-1.04%
12/27/2019,58.46,58.53,58.71,58.33,2.85M,0.36%
12/26/2019,58.25,57.80,58.35,57.76,2.49M,0.85%
12/24/2019,57.76,57.99,58.09,57.55,2.69M,-0.79%
12/23/2019,58.22,58.03,58.34,57.95,4.02M,0.50%
12/20/2019,57.93,57.78,58.30,57.32,8.04M,-0.05%
12/19/2019,57.96,58.50,58.50,57.88,7.23M,-1.93%
12/18/2019,59.10,59.60,59.64,58.72,10.02M,-0.22%
12/17/2019,59.23,59.71,59.71,58.78,8.41M,1.18%
12/16/2019,58.54,58.29,58.70,58.29,5.78M,0.50%
12/13/2019,58.25,59.05,59.52,58.25,9.89M,-0.61%
12/12/2019,58.61,57.25,58.62,57.02,15.79M,4.85%
12/11/2019,55.90,55.04,56.20,55.03,11.03M,2.53%
12/10/2019,54.52,54.68,55.06,54.33,4.37M,0.11%
12/09/2019,54.46,55.05,55.19,54.32,6.64M,-0.87%
12/06/2019,54.94,54.50,55.03,54.50,5.43M,0.99%
12/05/2019,54.40,53.62,54.54,53.49,7.63M,2.29%
12/04/2019,53.18,53.27,53.57,53.11,3.91M,0.76%
12/03/2019,52.78,52.42,52.92,52.18,5.52M,-0.38%
12/02/2019,52.98,53.55,53.59,52.78,4.48M,-0.21%
11/29/2019,53.09,53.06,53.16,52.80,3.39M,-1.48%
11/27/2019,53.89,54.03,54.06,53.54,2.79M,0.48%
11/26/2019,53.63,53.50,53.79,53.38,5.67M,-0.24%
11/25/2019,53.76,53.09,53.94,52.80,5.02M,1.84%
11/22/2019,52.79,52.92,53.16,52.73,4.17M,-0.36%
11/21/2019,52.98,53.50,53.51,52.94,6.04M,-0.97%
11/20/2019,53.50,53.55,53.78,53.20,5.27M,-0.48%
11/19/2019,53.76,54.05,54.14,53.67,4.73M,0.64%
11/18/2019,53.42,53.39,53.95,53.39,4.78M,0.24%
11/15/2019,53.29,53.01,53.39,52.88,5.99M,1.54%
11/14/2019,52.48,52.50,52.73,52.13,5.31M,-0.76%
11/13/2019,52.88,52.58,52.94,52.15,5.37M,1.40%
11/12/2019,52.15,52.69,52.69,52.03,8.63M,-0.86%
11/11/2019,52.60,52.39,52.75,52.16,4.05M,-0.44%
11/08/2019,52.83,53.53,53.53,52.53,6.56M,-1.57%
11/07/2019,53.67,53.90,54.37,53.52,7.89M,0.06%
11/06/2019,53.64,53.70,53.75,53.10,4.55M,0.17%
11/05/2019,53.55,53.63,53.97,53.49,5.29M,0.11%
11/04/2019,53.49,53.55,53.79,53.12,7.66M,2.67%
11/01/2019,52.10,51.89,52.10,51.70,5.23M,0.91%
10/31/2019,51.63,51.89,51.93,51.35,5.14M,-0.54%
10/30/2019,51.91,51.79,52.06,51.56,5.20M,0.85%
10/29/2019,51.47,51.50,51.84,51.44,5.31M,0.31%
10/28/2019,51.31,51.40,51.48,51.05,7.73M,0.35%
10/25/2019,51.13,50.80,51.23,50.69,6.30M,0.35%
10/24/2019,50.95,50.49,51.05,50.23,7.02M,1.55%
10/23/2019,50.17,50.10,50.40,49.92,7.13M,-0.93%
10/22/2019,50.64,50.30,50.83,50.18,10.72M,1.28%
10/21/2019,50.00,49.53,50.11,49.33,6.88M,1.46%
10/18/2019,49.28,49.65,50.09,49.13,9.17M,-0.94%
10/17/2019,49.75,51.14,51.21,49.26,12.42M,-0.76%
10/16/2019,50.13,50.34,51.13,50.07,13.71M,-0.52%
10/15/2019,50.39,50.20,50.64,50.11,9.63M,0.96%
10/14/2019,49.91,49.42,50.13,49.30,7.99M,0.99%
10/11/2019,49.42,49.45,49.79,49.33,7.52M,1.00%
10/10/2019,48.93,48.91,49.39,48.49,9.57M,0.51%
10/09/2019,48.68,48.20,49.05,48.17,11.49M,1.71%
10/08/2019,47.86,48.26,48.40,47.60,13.18M,-0.19%
10/07/2019,47.95,47.73,48.15,47.43,11.41M,1.12%
10/04/2019,47.42,47.03,47.45,46.78,5.72M,0.62%
10/03/2019,47.13,46.45,47.14,46.24,6.21M,1.51%
10/02/2019,46.43,46.71,46.94,46.33,5.79M,-1.61%
10/01/2019,47.19,46.96,47.85,46.96,11.60M,1.53%
09/30/2019,46.48,46.57,46.74,46.12,8.48M,2.13%
09/27/2019,45.51,46.00,46.48,45.19,9.61M,-2.04%
09/26/2019,46.46,45.10,46.51,45.10,15.88M,3.22%
09/25/2019,45.01,44.20,45.09,44.00,6.82M,2.02%
09/24/2019,44.12,44.40,44.55,44.06,8.03M,0.11%
09/23/2019,44.07,44.18,44.29,43.85,5.00M,0.46%
09/20/2019,43.87,44.77,44.90,43.87,7.40M,-2.29%
09/19/2019,44.90,44.80,45.22,44.76,6.62M,-0.31%
09/18/2019,45.04,45.17,45.20,44.61,4.06M,-0.20%
09/17/2019,45.13,44.28,45.15,44.21,6.14M,1.19%
09/16/2019,44.60,44.53,44.74,44.49,3.72M,-0.31%
09/13/2019,44.74,44.43,44.83,44.19,6.23M,1.52%
09/12/2019,44.07,44.29,44.46,43.93,6.58M,-0.34%
09/11/2019,44.22,43.91,44.27,43.84,4.02M,0.27%
09/10/2019,44.10,43.60,44.10,43.36,5.00M,0.57%
09/09/2019,43.85,43.91,44.08,43.54,4.68M,0.32%
09/06/2019,43.71,44.00,44.03,43.69,4.33M,-1.20%
09/05/2019,44.24,43.76,44.51,43.76,7.70M,2.53%
09/04/2019,43.15,42.61,43.15,42.39,4.47M,3.43%
09/03/2019,41.72,42.15,42.16,41.58,4.75M,-2.13%
08/30/2019,42.63,42.71,42.89,42.36,5.38M,0.83%
08/29/2019,42.28,42.34,42.56,42.23,5.17M,1.51%
08/28/2019,41.65,41.32,41.77,41.05,3.59M,0.73%
08/27/2019,41.35,41.55,41.67,41.27,4.19M,0.02%
08/26/2019,41.34,41.37,41.55,41.13,5.52M,0.95%
08/23/2019,40.95,41.94,42.15,40.86,7.53M,-2.80%
08/22/2019,42.13,42.39,42.48,41.73,3.15M,-1.06%
08/21/2019,42.58,42.41,42.63,42.29,3.91M,1.53%
08/20/2019,41.94,42.00,42.22,41.72,7.54M,0.38%
08/19/2019,41.78,42.16,42.21,41.65,3.80M,0.58%
08/16/2019,41.54,41.18,41.73,41.15,4.85M,1.66%
08/15/2019,40.86,40.38,40.99,40.34,7.69M,1.06%
08/14/2019,40.43,40.85,41.09,40.25,9.62M,-3.37%
08/13/2019,41.84,40.63,41.99,40.55,7.83M,2.15%
08/12/2019,40.96,41.05,41.27,40.85,3.46M,-1.09%
08/09/2019,41.41,41.59,41.71,41.00,3.48M,-1.17%
08/08/2019,41.90,41.85,42.18,41.75,7.80M,1.55%
08/07/2019,41.26,41.05,41.45,40.80,5.48M,0.00%
08/06/2019,41.26,41.18,41.51,40.89,8.67M,3.49%
08/05/2019,39.87,40.41,40.52,39.78,6.67M,-4.27%
08/02/2019,41.65,41.15,41.77,41.01,9.32M,-0.53%
08/01/2019,41.87,42.75,43.39,41.60,9.66M,-1.78%
07/31/2019,42.63,43.03,43.17,42.05,7.59M,-1.11%
07/30/2019,43.11,43.40,43.40,42.77,4.94M,-1.89%
07/29/2019,43.94,43.52,43.95,43.40,4.14M,1.10%
07/26/2019,43.46,43.73,43.89,43.38,4.40M,-0.37%
07/25/2019,43.62,44.21,44.24,43.62,6.59M,-2.07%
07/24/2019,44.54,44.50,44.63,44.24,7.13M,0.27%
07/23/2019,44.42,44.54,44.58,44.23,6.57M,-0.40%
07/22/2019,44.60,44.20,44.88,44.13,10.04M,1.76%
07/19/2019,43.83,43.08,44.02,43.07,11.44M,1.48%
07/18/2019,43.19,42.52,43.23,42.31,11.26M,3.75%
07/17/2019,41.63,41.68,41.91,41.52,5.51M,-0.34%
07/16/2019,41.77,41.80,41.95,41.57,6.53M,-0.12%
07/15/2019,41.82,41.75,41.93,41.66,5.78M,1.43%
07/12/2019,41.23,41.11,41.27,40.82,4.70M,0.81%
07/11/2019,40.90,41.14,41.19,40.83,6.13M,0.47%
07/10/2019,40.71,40.83,41.14,40.55,7.94M,2.62%
07/09/2019,39.67,39.65,40.01,39.42,6.58M,0.89%
07/08/2019,39.32,39.57,39.69,39.24,6.77M,-1.53%
07/05/2019,39.93,39.87,40.10,39.63,3.15M,-0.99%
07/03/2019,40.33,40.35,40.37,40.01,3.13M,-1.15%
07/02/2019,40.80,41.19,41.31,40.74,4.45M,-1.40%
07/01/2019,41.38,41.54,41.90,41.15,11.09M,5.64%
06/28/2019,39.17,39.73,39.73,39.12,7.04M,-1.06%
06/27/2019,39.59,39.58,39.76,39.29,11.38M,1.31%
06/26/2019,39.08,39.38,39.38,38.98,9.13M,0.41%
06/25/2019,38.92,39.52,39.52,38.91,6.79M,-2.65%
06/24/2019,39.98,39.56,40.07,39.44,6.57M,-1.33%
06/21/2019,40.52,40.52,40.70,40.42,12.77M,0.02%
06/20/2019,40.51,40.45,40.72,40.13,10.40M,2.82%
06/19/2019,39.40,39.94,39.96,39.30,10.22M,0.48%
06/18/2019,39.21,38.27,39.41,38.22,12.30M,4.12%
06/17/2019,37.66,37.92,38.05,37.66,6.50M,-0.48%
06/14/2019,37.84,38.63,38.70,37.83,11.28M,-4.08%
06/13/2019,39.45,39.62,39.62,39.03,6.65M,-0.03%
06/12/2019,39.46,40.00,40.19,39.45,6.16M,-1.25%
06/11/2019,39.96,40.47,40.60,39.94,6.10M,0.86%
06/10/2019,39.62,39.49,40.13,39.45,8.35M,2.06%
06/07/2019,38.82,38.74,39.00,38.56,4.46M,0.99%
06/06/2019,38.44,38.18,38.59,37.91,6.23M,0.55%
06/05/2019,38.23,39.24,39.26,38.10,8.22M,-2.12%
06/04/2019,39.06,38.64,39.10,38.42,6.99M,0.62%
06/03/2019,38.82,38.96,39.09,38.66,9.62M,1.23%
05/31/2019,38.35,38.27,38.97,38.25,9.30M,0.81%
05/30/2019,38.04,37.95,38.37,37.84,7.35M,0.93%
05/29/2019,37.69,37.46,37.75,37.18,13.04M,0.11%
05/28/2019,37.65,38.13,38.20,37.65,12.48M,-1.44%
05/24/2019,38.20,38.42,38.74,38.19,10.54M,0.34%
05/23/2019,38.07,37.98,38.18,37.41,14.71M,-2.13%
05/22/2019,38.90,39.20,39.39,38.88,12.22M,-1.02%
05/21/2019,39.30,39.15,39.34,38.66,11.81M,1.66%
05/20/2019,38.66,39.25,39.30,38.52,13.98M,-3.95%
05/17/2019,40.25,40.39,40.95,40.09,11.27M,-3.08%
05/16/2019,41.53,41.63,41.64,41.22,9.21M,-1.05%
05/15/2019,41.97,41.55,42.33,41.46,5.35M,0.00%
05/14/2019,41.97,41.59,42.08,41.40,7.11M,2.39%
05/13/2019,40.99,41.37,41.51,40.73,11.05M,-4.30%
05/10/2019,42.83,42.86,43.09,42.19,8.31M,-0.97%
05/09/2019,43.25,42.92,43.30,42.28,11.23M,-1.03%
05/08/2019,43.70,43.52,44.00,43.46,8.11M,-0.14%
05/07/2019,43.76,43.83,44.05,43.29,10.23M,0.00%
05/06/2019,43.76,43.32,43.82,43.21,10.76M,-2.12%
05/03/2019,44.71,44.93,45.14,44.56,5.48M,0.70%
05/02/2019,44.40,43.86,44.47,43.75,10.72M,1.32%
05/01/2019,43.82,44.29,44.55,43.82,7.32M,0.00%
04/30/2019,43.82,43.40,43.94,43.26,11.86M,-0.02%
04/29/2019,43.83,43.85,43.92,43.58,9.27M,-0.25%
04/26/2019,43.94,43.65,44.00,43.32,12.75M,-1.21%
04/25/2019,44.48,44.93,45.04,44.43,10.15M,-2.05%
04/24/2019,45.41,45.08,45.59,44.94,10.78M,-0.02%
04/23/2019,45.42,45.15,45.42,45.06,11.44M,0.60%
04/22/2019,45.15,44.79,45.16,44.59,10.87M,-0.55%
04/18/2019,45.40,44.06,45.64,44.00,16.57M,2.28%
04/17/2019,44.39,43.90,44.46,43.86,15.80M,3.21%
04/16/2019,43.01,42.83,43.08,42.75,6.64M,0.94%
04/15/2019,42.61,42.58,42.77,42.46,5.27M,0.07%
04/12/2019,42.58,42.47,42.65,42.28,6.56M,1.14%
04/11/2019,42.10,42.09,42.20,41.95,5.17M,-0.64%
04/10/2019,42.37,42.26,42.50,42.18,4.04M,0.38%
04/09/2019,42.21,42.24,42.30,42.02,5.05M,-0.42%
04/08/2019,42.39,42.24,42.48,42.08,6.83M,0.38%
04/05/2019,42.23,42.34,42.34,42.05,4.43M,0.45%
04/04/2019,42.04,41.73,42.18,41.65,7.61M,0.60%
04/03/2019,41.79,41.60,41.96,41.51,6.82M,1.26%
04/02/2019,41.27,41.18,41.36,41.00,5.58M,-0.24%
04/01/2019,41.37,41.08,41.37,40.74,6.83M,1.00%
03/29/2019,40.96,40.82,41.05,40.59,6.12M,1.54%
03/28/2019,40.34,40.24,40.54,40.20,6.63M,0.35%
03/27/2019,40.20,40.19,40.26,39.80,7.66M,-0.50%
03/26/2019,40.40,40.11,40.63,40.07,5.57M,1.20%
03/25/2019,39.92,40.00,40.46,39.77,4.90M,-1.26%
03/22/2019,40.43,40.84,41.02,40.34,6.76M,-1.49%
03/21/2019,41.04,40.25,41.24,40.22,6.51M,2.99%
03/20/2019,39.85,39.77,40.15,39.64,5.39M,0.23%
03/19/2019,39.76,39.98,40.08,39.60,8.03M,-0.23%
03/18/2019,39.85,39.86,39.98,39.64,6.29M,0.50%
03/15/2019,39.65,39.41,40.07,39.41,8.87M,2.14%
03/14/2019,38.82,39.00,39.05,38.73,4.94M,-0.99%
03/13/2019,39.21,39.22,39.44,39.02,6.09M,0.80%
03/12/2019,38.90,39.05,39.17,38.86,5.58M,0.67%
03/11/2019,38.64,38.23,38.69,38.20,6.01M,1.15%
03/08/2019,38.20,37.95,38.38,37.94,5.07M,-1.11%
03/07/2019,38.63,38.77,38.88,38.37,4.23M,-0.41%
03/06/2019,38.79,39.06,39.22,38.78,4.43M,-0.59%
03/05/2019,39.02,38.95,39.23,38.66,7.19M,-0.33%
03/04/2019,39.15,39.33,39.33,38.71,7.08M,-0.61%
03/01/2019,39.39,39.36,39.52,39.20,5.30M,0.87%
02/28/2019,39.05,39.12,39.29,39.00,5.71M,-1.01%
02/27/2019,39.45,39.51,39.59,39.06,8.19M,-0.38%
02/26/2019,39.60,39.41,39.66,39.38,5.59M,0.05%
02/25/2019,39.58,39.87,39.91,39.48,5.10M,0.48%
02/22/2019,39.39,39.12,39.41,39.08,5.12M,1.05%
02/21/2019,38.98,39.07,39.18,38.80,4.61M,-0.05%
02/20/2019,39.00,38.93,39.51,38.89,7.18M,1.40%
02/19/2019,38.46,38.22,38.66,38.10,8.11M,0.97%
02/15/2019,38.09,37.91,38.28,37.87,6.26M,0.08%
02/14/2019,38.06,37.92,38.21,37.76,7.78M,-0.18%
02/13/2019,38.13,38.37,38.48,38.05,7.16M,-1.32%
02/12/2019,38.64,38.64,38.77,38.44,8.83M,0.91%
02/11/2019,38.29,37.92,38.29,37.83,8.86M,1.32%
02/08/2019,37.79,37.71,37.92,37.50,7.15M,-0.87%
02/07/2019,38.12,38.37,38.46,37.83,7.92M,-1.60%
02/06/2019,38.74,38.42,38.82,38.31,8.80M,1.28%
02/05/2019,38.25,37.92,38.27,37.88,7.31M,0.82%
02/04/2019,37.94,37.50,38.01,37.38,7.28M,0.98%
02/01/2019,37.57,37.75,37.87,37.44,6.44M,-0.13%
01/31/2019,37.62,37.31,38.10,37.31,7.63M,0.64%
01/30/2019,37.38,36.81,37.45,36.29,9.28M,2.89%
01/29/2019,36.33,37.29,37.29,36.30,10.10M,-2.96%
01/28/2019,37.44,36.92,37.66,36.90,14.09M,-1.84%
01/25/2019,38.14,38.00,38.26,37.88,16.76M,1.33%
01/24/2019,37.64,36.88,37.64,36.78,14.09M,3.15%
01/23/2019,36.49,36.53,36.73,36.24,13.92M,0.33%
01/22/2019,36.37,36.50,36.76,36.10,13.38M,-1.28%
01/18/2019,36.84,36.24,37.01,36.16,12.91M,1.52%
01/17/2019,36.29,34.92,36.55,34.83,21.92M,1.82%
01/16/2019,35.64,35.90,36.03,35.64,8.73M,-1.11%
01/15/2019,36.04,36.04,36.23,35.80,10.17M,0.78%
01/14/2019,35.76,36.13,36.19,35.72,6.15M,-2.32%
01/11/2019,36.61,36.45,36.77,36.23,7.23M,0.52%
01/10/2019,36.42,35.46,36.48,35.40,7.89M,2.27%
01/09/2019,35.61,35.33,35.96,35.33,11.77M,1.92%
01/08/2019,34.94,35.11,35.18,34.64,11.46M,-0.82%
01/07/2019,35.23,35.01,35.47,34.97,6.85M,0.74%
01/04/2019,34.97,34.46,35.03,34.21,14.18M,1.78%
01/03/2019,34.36,35.34,35.52,34.27,16.00M,-5.91%
01/02/2019,36.52,36.20,36.75,36.00,5.27M,-1.06%
12/31/2018,36.91,37.43,37.59,36.77,4.60M,-0.62%
12/28/2018,37.14,37.13,37.68,37.02,7.37M,0.98%
12/27/2018,36.78,36.20,36.80,35.95,8.69M,0.05%
12/26/2018,36.76,35.33,36.77,35.33,10.06M,4.17%
12/24/2018,35.29,35.56,35.89,35.27,6.29M,-1.18%
12/21/2018,35.71,36.64,36.93,35.65,16.98M,-0.47%
12/20/2018,35.88,36.41,36.75,35.54,12.54M,-0.97%
12/19/2018,36.23,36.62,37.27,36.10,11.79M,-1.44%
12/18/2018,36.76,36.61,37.00,36.61,7.10M,1.49%
12/17/2018,36.22,36.63,36.94,36.12,10.73M,-0.85%
12/14/2018,36.53,36.80,37.11,36.53,5.97M,-2.14%
12/13/2018,37.33,37.49,37.66,37.19,5.83M,-0.13%
12/12/2018,37.38,37.61,37.70,37.27,8.41M,1.85%
12/11/2018,36.70,37.24,37.35,36.30,8.64M,0.74%
12/10/2018,36.43,36.31,36.83,36.08,12.44M,-0.25%
12/07/2018,36.52,36.65,36.94,36.13,10.80M,-0.92%
12/06/2018,36.86,35.70,36.86,35.61,12.08M,-1.55%
12/04/2018,37.44,38.53,38.78,37.43,13.32M,-3.33%
12/03/2018,38.73,38.82,39.00,38.38,7.46M,3.03%
11/30/2018,37.59,37.24,37.60,37.08,8.73M,-0.90%
11/29/2018,37.93,37.95,38.37,37.87,7.06M,-0.21%
11/28/2018,38.01,37.27,38.02,37.07,8.38M,3.29%
11/27/2018,36.80,36.39,36.82,36.39,6.87M,-0.11%
11/26/2018,36.84,36.71,36.88,36.47,7.08M,2.45%
11/23/2018,35.96,35.83,36.20,35.75,2.32M,-0.58%
11/21/2018,36.17,36.42,36.72,36.13,7.01M,1.49%
11/20/2018,35.64,35.40,35.99,35.22,11.67M,-1.14%
11/19/2018,36.05,36.64,36.68,35.96,15.19M,-2.22%
11/16/2018,36.87,37.07,37.20,36.66,16.38M,-4.28%
11/15/2018,38.52,38.07,38.57,37.89,10.84M,1.80%
11/14/2018,37.84,38.20,38.34,37.37,10.40M,1.18%
11/13/2018,37.40,37.39,38.12,37.24,15.06M,0.92%
11/12/2018,37.06,37.86,37.92,37.01,11.67M,-2.65%
11/09/2018,38.07,38.09,38.39,37.81,5.98M,-1.63%
11/08/2018,38.70,38.79,39.06,38.69,7.95M,-1.23%
11/07/2018,39.18,39.29,39.30,38.72,6.57M,1.16%
11/06/2018,38.73,38.50,38.85,38.42,8.58M,0.65%
11/05/2018,38.48,38.72,38.82,38.31,8.59M,-0.77%
11/02/2018,38.78,39.18,39.48,38.43,9.74M,-0.69%
11/01/2018,39.05,38.78,39.08,38.39,14.35M,2.49%
10/31/2018,38.10,38.69,38.99,38.03,12.61M,0.85%
10/30/2018,37.78,36.84,37.80,36.67,12.11M,3.99%
10/29/2018,36.33,37.17,37.41,35.97,8.27M,-0.93%
10/26/2018,36.67,36.55,37.29,36.14,11.97M,-1.93%
10/25/2018,37.39,36.78,37.55,36.49,9.93M,2.49%
10/24/2018,36.48,37.56,37.56,36.43,13.31M,-4.00%
10/23/2018,38.00,37.42,38.18,37.26,12.35M,-1.86%
10/22/2018,38.72,39.19,39.23,38.54,8.17M,0.70%
10/19/2018,38.45,39.16,39.32,38.34,11.27M,-0.23%
10/18/2018,38.54,39.80,39.95,38.45,9.56M,-2.60%
10/17/2018,39.57,40.00,40.09,39.18,8.17M,-1.10%
10/16/2018,40.01,39.84,40.05,39.40,10.75M,3.25%
10/15/2018,38.75,39.47,39.59,38.72,8.21M,-2.29%
10/12/2018,39.66,40.14,40.58,39.19,7.58M,1.85%
10/11/2018,38.94,38.50,39.60,38.33,10.21M,-1.04%
10/10/2018,39.35,40.35,40.44,39.35,12.85M,-3.79%
10/09/2018,40.90,41.00,41.30,40.58,5.68M,-0.15%
10/08/2018,40.96,40.76,41.17,40.40,7.76M,-1.61%
10/05/2018,41.63,41.88,42.07,41.16,7.92M,-1.89%
10/04/2018,42.43,43.07,43.08,41.97,7.89M,-3.48%
10/03/2018,43.96,44.04,44.24,43.57,5.63M,0.78%
10/02/2018,43.62,43.75,43.99,43.45,5.44M,-2.33%
10/01/2018,44.66,44.55,44.96,44.42,5.03M,1.13%
09/28/2018,44.16,44.50,44.62,43.97,7.73M,-1.34%
09/27/2018,44.76,44.60,45.23,44.58,6.71M,1.11%
09/26/2018,44.27,44.25,44.73,44.25,4.56M,0.23%
09/25/2018,44.17,44.80,44.91,44.13,6.68M,-1.60%
09/24/2018,44.89,43.84,44.94,43.79,8.23M,1.88%
09/21/2018,44.06,44.25,44.41,44.02,6.67M,-0.25%
09/20/2018,44.17,44.25,44.43,43.90,4.73M,0.34%
09/19/2018,44.02,44.20,44.38,43.74,6.39M,1.06%
09/18/2018,43.56,43.50,44.09,43.35,8.81M,-0.46%
09/17/2018,43.76,43.63,44.14,43.47,6.21M,-1.46%
09/14/2018,44.41,44.02,44.56,43.95,5.30M,2.26%
09/13/2018,43.43,43.99,43.99,43.27,9.62M,-1.16%
09/12/2018,43.94,43.92,44.30,43.82,10.30M,-1.37%
09/11/2018,44.55,43.64,44.57,43.58,12.51M,-0.16%
09/10/2018,44.62,45.00,45.06,44.52,6.82M,-0.58%
09/07/2018,44.88,44.00,45.24,43.98,14.26M,1.88%
09/06/2018,44.05,43.94,44.07,43.58,10.42M,-0.38%
09/05/2018,44.22,44.09,44.57,44.02,7.26M,0.25%
09/04/2018,44.11,43.26,44.12,43.19,8.17M,1.17%
08/31/2018,43.60,43.12,43.61,42.96,8.78M,0.32%
08/30/2018,43.46,44.35,44.49,43.41,7.83M,-1.52%
08/29/2018,44.13,43.19,44.38,43.09,12.28M,4.20%
08/28/2018,42.35,42.39,42.76,42.25,10.68M,1.97%
08/27/2018,41.53,41.43,41.71,41.37,5.73M,0.70%
08/24/2018,41.24,40.93,41.41,40.83,4.23M,1.38%
08/23/2018,40.68,41.30,41.35,40.68,4.13M,-0.54%
08/22/2018,40.90,40.85,41.05,40.54,5.51M,0.02%
08/21/2018,40.89,40.37,41.03,40.36,6.08M,1.97%
08/20/2018,40.10,40.02,40.24,39.90,4.16M,-0.07%
08/17/2018,40.13,40.19,40.22,39.79,7.90M,-0.69%
08/16/2018,40.41,40.45,40.73,40.37,5.54M,-0.10%
08/15/2018,40.45,40.45,40.55,40.12,6.05M,-1.12%
08/14/2018,40.91,41.00,41.19,40.87,5.34M,0.49%
08/13/2018,40.71,40.69,40.99,40.47,6.71M,-0.78%
08/10/2018,41.03,41.30,41.30,40.79,7.05M,-1.94%
08/09/2018,41.84,41.94,41.95,41.68,4.51M,-0.31%
08/08/2018,41.97,41.56,42.11,41.45,5.09M,1.77%
08/07/2018,41.24,41.07,41.25,40.84,7.49M,0.41%
08/06/2018,41.07,41.20,41.42,40.99,7.25M,-1.49%
08/03/2018,41.69,41.64,41.95,41.55,4.58M,0.34%
08/02/2018,41.55,41.10,41.65,41.00,4.67M,-0.38%
08/01/2018,41.71,41.44,41.73,41.32,6.12M,1.21%
07/31/2018,41.21,41.26,41.58,41.09,4.91M,0.29%
07/30/2018,41.09,41.45,41.52,40.88,5.17M,-0.87%
07/27/2018,41.45,40.94,41.91,40.94,9.47M,1.54%
07/26/2018,40.82,40.70,40.94,40.44,8.48M,-0.17%
07/25/2018,40.89,40.53,40.90,40.31,7.72M,1.24%
07/24/2018,40.39,41.10,41.21,40.38,7.02M,-0.86%
07/23/2018,40.74,40.82,40.98,40.63,6.83M,0.02%
07/20/2018,40.73,39.99,40.85,39.84,14.48M,2.31%
07/19/2018,39.81,39.44,40.39,38.62,17.76M,3.64%
07/18/2018,38.41,38.04,38.47,37.88,10.53M,0.97%
07/17/2018,38.04,37.50,38.12,37.35,6.24M,0.66%
07/16/2018,37.79,37.88,37.89,37.65,5.40M,0.05%
07/13/2018,37.77,37.54,37.80,37.48,4.95M,1.23%
07/12/2018,37.31,37.33,37.59,37.20,5.28M,0.92%
07/11/2018,36.97,37.33,37.35,36.90,7.32M,-2.53%
07/10/2018,37.93,37.47,37.95,37.47,7.21M,0.26%
07/09/2018,37.83,37.87,38.03,37.57,7.12M,1.50%
07/06/2018,37.27,36.82,37.35,36.76,7.26M,1.86%
07/05/2018,36.59,36.40,36.60,36.24,9.23M,0.55%
07/03/2018,36.39,36.39,36.61,36.35,6.51M,-0.41%
07/02/2018,36.54,36.21,36.57,36.04,7.37M,-0.05%
06/29/2018,36.56,36.55,36.77,36.44,8.09M,1.73%
06/28/2018,35.94,35.50,35.94,35.35,7.20M,1.21%
06/27/2018,35.51,36.25,36.32,35.51,8.80M,-2.61%
06/26/2018,36.46,36.33,36.70,36.11,8.82M,-0.14%
06/25/2018,36.51,36.30,36.56,36.05,10.53M,-4.22%
06/22/2018,38.12,38.27,38.31,37.97,10.41M,1.33%
06/21/2018,37.62,37.87,38.01,37.55,9.25M,-1.90%
06/20/2018,38.35,38.34,38.59,38.01,8.67M,2.10%
06/19/2018,37.56,37.70,37.97,37.35,9.85M,-1.80%
06/18/2018,38.25,38.31,38.36,37.84,8.92M,-1.14%
06/15/2018,38.69,38.82,38.94,38.55,11.24M,0.23%
06/14/2018,38.60,39.03,39.07,38.60,7.64M,-1.15%
06/13/2018,39.05,39.73,39.88,39.05,9.62M,-0.38%
06/12/2018,39.20,39.13,39.36,38.98,6.58M,1.14%
06/11/2018,38.76,39.00,39.15,38.76,4.51M,-0.44%
06/08/2018,38.93,39.16,39.16,38.52,8.08M,-1.49%
06/07/2018,39.52,39.56,39.94,39.46,8.22M,-0.10%
06/06/2018,39.56,39.85,39.93,39.56,9.83M,0.05%
06/05/2018,39.54,39.70,39.86,39.40,6.35M,-1.08%
06/04/2018,39.97,39.85,40.00,39.67,8.93M,1.96%
06/01/2018,39.20,38.99,39.20,38.80,5.97M,1.29%
05/31/2018,38.70,38.33,38.86,38.29,8.13M,0.94%
05/30/2018,38.34,38.30,38.40,38.07,8.41M,0.47%
05/29/2018,38.16,38.49,38.56,38.02,7.20M,-2.90%
05/25/2018,39.30,39.10,39.49,38.93,5.40M,0.08%
05/24/2018,39.27,39.37,39.45,38.78,7.93M,-0.96%
05/23/2018,39.65,39.14,39.65,39.09,4.82M,0.03%
05/22/2018,39.64,39.47,39.79,39.45,5.75M,0.43%
05/21/2018,39.47,39.34,39.70,39.12,7.90M,2.73%
05/18/2018,38.42,38.47,38.55,38.28,7.78M,-1.39%
05/17/2018,38.96,39.07,39.24,38.67,7.96M,-2.09%
05/16/2018,39.79,39.40,39.83,39.27,7.67M,1.25%
05/15/2018,39.30,39.36,39.40,38.96,5.62M,-1.63%
05/14/2018,39.95,40.13,40.55,39.88,5.01M,0.10%
05/11/2018,39.91,40.04,40.18,39.64,4.18M,0.35%
05/10/2018,39.77,39.57,39.87,39.44,7.96M,1.07%
05/09/2018,39.35,39.37,39.46,39.16,5.86M,0.43%
05/08/2018,39.18,38.98,39.38,38.94,8.12M,1.90%
05/07/2018,38.45,38.45,38.65,38.23,4.59M,-0.36%
05/04/2018,38.59,38.00,38.66,37.94,9.47M,1.29%
05/03/2018,38.10,37.55,38.19,37.30,7.02M,0.93%
05/02/2018,37.75,38.60,38.60,37.65,11.52M,-3.03%
05/01/2018,38.93,38.34,38.94,38.26,5.51M,1.25%
04/30/2018,38.45,38.69,38.84,38.38,7.97M,0.73%
04/27/2018,38.17,38.74,38.74,37.99,8.28M,0.00%
04/26/2018,38.17,38.08,38.55,38.08,7.69M,0.00%
04/25/2018,38.17,38.36,38.49,38.02,12.36M,-1.50%
04/24/2018,38.75,39.04,39.21,38.30,13.00M,0.00%
04/23/2018,38.75,38.96,39.08,38.53,11.18M,-0.51%
04/20/2018,38.95,39.37,39.54,38.82,15.31M,-1.47%
04/19/2018,39.53,39.93,40.08,39.11,27.53M,-5.70%
04/18/2018,41.92,42.10,42.26,41.21,8.95M,-0.92%
04/17/2018,42.31,42.09,42.36,41.77,9.83M,-1.31%
04/16/2018,42.87,42.81,43.01,42.68,5.21M,0.52%
04/13/2018,42.65,43.69,43.74,42.56,5.75M,-2.74%
04/12/2018,43.85,43.33,43.85,43.05,7.57M,1.08%
04/11/2018,43.38,43.25,43.79,43.25,4.79M,-0.46%
04/10/2018,43.58,43.87,44.22,43.02,5.79M,1.18%
04/09/2018,43.07,43.09,44.04,42.91,6.70M,1.53%
04/06/2018,42.42,42.88,43.17,42.26,5.13M,-2.08%
04/05/2018,43.32,44.03,44.23,43.13,6.12M,-1.41%
04/04/2018,43.94,42.37,43.94,42.35,5.50M,1.06%
04/03/2018,43.48,44.27,44.28,43.03,6.17M,2.31%
04/02/2018,42.50,43.34,43.59,42.42,6.36M,-2.88%
03/29/2018,43.76,43.00,43.92,42.96,7.76M,2.51%
03/28/2018,42.69,42.98,43.17,42.44,8.56M,-1.39%
03/27/2018,43.29,44.72,44.84,43.12,6.99M,-2.21%
03/26/2018,44.27,43.81,44.28,43.18,5.40M,3.97%
03/23/2018,42.58,43.63,43.73,42.58,5.92M,-2.54%
03/22/2018,43.69,44.10,44.37,43.69,6.32M,-2.26%
03/21/2018,44.70,44.57,44.84,44.25,7.04M,-0.29%
03/20/2018,44.83,44.70,44.91,44.52,6.40M,0.52%
03/19/2018,44.60,44.72,44.87,44.19,5.12M,-0.82%
03/16/2018,44.97,45.00,45.52,44.93,8.13M,-0.75%
03/15/2018,45.31,45.10,45.65,44.89,3.94M,0.35%
03/14/2018,45.15,45.43,45.45,44.83,4.30M,0.36%
03/13/2018,44.99,45.50,45.75,44.91,5.84M,-0.51%
03/12/2018,45.22,44.79,45.34,44.75,5.18M,1.41%
03/09/2018,44.59,44.05,44.60,43.52,8.34M,1.80%
03/08/2018,43.80,44.30,44.39,43.59,7.09M,-0.90%
03/07/2018,44.20,43.31,44.28,43.18,4.48M,1.52%
03/06/2018,43.54,44.34,44.40,43.43,8.63M,0.11%
03/05/2018,43.49,43.05,43.76,42.87,5.98M,1.12%
03/02/2018,43.01,42.39,43.05,42.15,4.82M,0.68%
03/01/2018,42.72,43.35,43.56,42.31,7.79M,-1.45%
02/28/2018,43.35,43.67,43.91,43.29,6.40M,-0.62%
02/27/2018,43.62,44.05,44.30,43.60,6.00M,-1.78%
02/26/2018,44.41,44.11,44.41,43.80,3.90M,1.16%
02/23/2018,43.90,43.39,43.90,43.11,7.20M,3.56%
02/22/2018,42.39,42.67,42.74,42.18,7.98M,-1.17%
02/21/2018,42.89,43.66,43.82,42.87,6.61M,-1.94%
02/20/2018,43.74,43.08,44.16,43.00,9.29M,0.60%
02/16/2018,43.48,43.35,43.96,43.31,4.79M,-0.09%
02/15/2018,43.52,43.52,43.75,42.75,6.12M,1.09%
02/14/2018,43.05,42.17,43.09,41.92,6.86M,1.58%
02/13/2018,42.38,42.54,42.66,41.88,5.83M,-0.35%
02/12/2018,42.53,42.03,42.79,41.96,6.57M,2.56%
02/09/2018,41.47,40.74,41.67,39.96,10.59M,2.75%
02/08/2018,40.36,42.11,42.12,40.36,11.36M,-3.63%
02/07/2018,41.88,42.99,42.99,41.88,15.24M,-3.92%
02/06/2018,43.59,42.27,43.70,42.10,13.41M,1.49%
02/05/2018,42.95,44.05,44.81,42.81,11.75M,-3.50%
02/02/2018,44.51,45.01,45.32,44.45,12.05M,-2.07%
02/01/2018,45.45,45.33,45.93,45.30,6.71M,0.31%
01/31/2018,45.31,45.43,45.80,45.12,6.33M,0.96%
01/30/2018,44.88,44.57,45.03,44.40,10.22M,-1.15%
01/29/2018,45.40,45.47,45.69,45.20,11.60M,-0.70%
01/26/2018,45.72,45.50,45.74,45.03,7.06M,1.37%
01/25/2018,45.10,45.71,45.78,45.04,7.66M,-0.51%
01/24/2018,45.33,45.64,45.67,45.25,7.40M,-2.05%
01/23/2018,46.28,46.48,46.57,46.06,5.66M,-0.22%
01/22/2018,46.38,46.00,46.40,45.94,8.34M,3.83%
01/19/2018,44.67,45.07,45.54,44.58,6.54M,0.22%
01/18/2018,44.57,43.86,44.85,43.50,11.87M,3.34%
01/17/2018,43.13,42.66,43.27,42.50,7.12M,2.13%
01/16/2018,42.23,42.01,42.34,41.81,9.08M,2.52%
01/12/2018,41.19,41.04,41.30,40.76,5.03M,0.39%
01/11/2018,41.03,41.22,41.40,40.95,5.70M,-0.65%
01/10/2018,41.30,41.35,41.45,40.72,7.10M,-2.09%
01/09/2018,42.18,42.49,42.50,42.13,5.73M,-0.61%
01/08/2018,42.44,42.40,42.48,42.19,3.54M,-0.05%
01/05/2018,42.46,41.89,42.57,41.79,5.33M,2.34%
01/04/2018,41.49,41.92,41.99,41.45,4.88M,-0.53%
01/03/2018,41.71,41.59,41.81,41.44,6.96M,1.68%
01/02/2018,41.02,40.51,41.05,40.42,4.98M,3.46%
12/29/2017,39.65,39.85,40.22,39.65,3.87M,-0.23%
12/28/2017,39.74,39.51,39.89,39.40,4.28M,1.69%
12/27/2017,39.08,39.00,39.11,38.88,3.09M,0.33%
12/26/2017,38.95,39.31,39.31,38.81,2.86M,-1.72%
12/22/2017,39.63,39.60,39.63,39.30,2.52M,1.02%
12/21/2017,39.23,39.56,39.66,39.20,3.56M,-0.53%
12/20/2017,39.44,39.38,39.61,39.17,6.33M,0.25%
12/19/2017,39.34,39.21,39.41,39.12,4.46M,-0.15%
12/18/2017,39.40,39.38,39.47,39.20,5.75M,-0.25%
12/15/2017,39.50,39.40,39.62,39.25,7.16M,0.25%
12/14/2017,39.40,39.50,39.65,39.31,4.74M,0.28%
12/13/2017,39.29,39.47,39.49,39.22,4.23M,-0.03%
12/12/2017,39.30,39.22,39.38,39.08,5.49M,-0.18%
12/11/2017,39.37,39.19,39.58,39.18,5.27M,0.95%
12/08/2017,39.00,39.38,39.55,38.95,5.07M,-0.03%
12/07/2017,39.01,38.75,39.02,38.61,11.29M,0.85%
12/06/2017,38.68,38.96,39.09,38.52,8.62M,-1.33%
12/05/2017,39.20,39.20,39.52,38.93,4.50M,-0.48%
12/04/2017,39.39,40.05,40.13,39.30,7.11M,-0.78%
12/01/2017,39.70,39.95,39.99,39.00,7.19M,0.25%
11/30/2017,39.60,39.60,39.74,39.17,9.36M,0.48%
11/29/2017,39.41,40.88,40.91,39.24,11.80M,-3.71%
11/28/2017,40.93,41.03,41.22,40.81,4.86M,-0.39%
11/27/2017,41.09,41.67,41.68,41.06,8.19M,-4.42%
11/24/2017,42.99,42.67,43.02,42.61,1.50M,1.37%
11/22/2017,42.41,42.59,42.74,42.29,2.77M,-0.40%
11/21/2017,42.58,42.62,42.87,42.55,3.67M,0.88%
11/20/2017,42.21,42.07,42.28,41.96,4.46M,0.33%
11/17/2017,42.07,42.24,42.42,41.97,3.70M,-0.07%
11/16/2017,42.10,41.75,42.24,41.75,3.30M,1.35%
11/15/2017,41.54,41.39,41.65,41.28,3.42M,-0.76%
11/14/2017,41.86,41.78,41.89,41.51,2.80M,-0.36%
11/13/2017,42.01,41.72,42.01,41.51,2.22M,0.70%
11/10/2017,41.72,41.79,41.82,41.59,5.33M,0.19%
11/09/2017,41.64,42.14,42.22,41.29,4.68M,-1.86%
11/08/2017,42.43,42.42,42.54,42.20,2.38M,-0.19%
11/07/2017,42.51,42.64,42.71,42.26,2.76M,0.19%
11/06/2017,42.43,42.19,42.48,42.08,5.65M,0.57%
11/03/2017,42.19,41.90,42.23,41.59,6.14M,0.09%
11/02/2017,42.15,42.09,42.24,41.95,3.26M,0.12%
11/01/2017,42.10,42.48,42.50,41.86,4.24M,-0.54%
10/31/2017,42.33,42.18,42.52,42.10,3.70M,0.47%
10/30/2017,42.13,42.36,42.66,42.08,5.20M,-0.05%
10/27/2017,42.15,41.48,42.18,41.42,4.82M,2.31%
10/26/2017,41.20,41.18,41.34,41.07,3.65M,0.10%
10/25/2017,41.16,41.30,41.41,40.70,3.36M,-0.39%
10/24/2017,41.32,41.26,41.38,40.97,4.25M,0.27%
10/23/2017,41.21,41.37,41.48,41.11,5.09M,0.22%
10/20/2017,41.12,41.02,41.12,40.83,5.25M,0.12%
10/19/2017,41.07,41.02,41.29,40.50,5.71M,-1.04%
10/18/2017,41.50,41.40,41.72,40.93,6.65M,0.61%
10/17/2017,41.25,40.83,41.25,40.54,7.58M,0.88%
10/16/2017,40.89,40.88,40.92,40.65,2.71M,0.17%
10/13/2017,40.82,40.70,40.86,40.63,3.91M,0.94%
10/12/2017,40.44,40.49,40.66,40.32,5.52M,0.22%
10/11/2017,40.35,39.80,40.39,39.68,9.02M,3.54%
10/10/2017,38.97,39.11,39.16,38.81,4.11M,0.52%
10/09/2017,38.77,38.60,38.81,38.50,1.96M,0.81%
10/06/2017,38.46,38.41,38.48,38.20,3.09M,0.00%
10/05/2017,38.46,38.66,38.85,38.39,4.46M,0.50%
10/04/2017,38.27,38.25,38.34,38.13,2.72M,-0.44%
10/03/2017,38.44,38.36,38.47,38.25,3.73M,0.81%
10/02/2017,38.13,37.83,38.18,37.77,5.10M,1.54%
09/29/2017,37.55,37.26,37.60,37.26,3.82M,1.35%
09/28/2017,37.05,36.96,37.10,36.79,7.62M,-0.54%
09/27/2017,37.25,37.29,37.36,37.01,4.80M,0.30%
09/26/2017,37.14,37.09,37.32,36.93,6.00M,0.19%
09/25/2017,37.07,37.50,37.50,36.86,5.90M,-1.85%
09/22/2017,37.77,37.70,37.83,37.59,4.53M,-1.23%
09/21/2017,38.24,37.79,38.33,37.66,8.46M,1.11%
09/20/2017,37.82,38.36,38.39,37.44,7.96M,-1.25%
09/19/2017,38.30,38.18,38.43,38.13,6.56M,0.60%
09/18/2017,38.07,37.87,38.12,37.83,6.18M,1.12%
09/15/2017,37.65,37.52,37.67,37.40,7.25M,0.72%
09/14/2017,37.38,37.50,37.73,37.37,5.80M,-0.40%
09/13/2017,37.53,37.67,37.79,37.48,4.98M,-0.87%
09/12/2017,37.86,37.85,37.94,37.65,3.52M,0.05%
09/11/2017,37.84,37.39,37.88,37.35,6.92M,0.91%
09/08/2017,37.50,37.57,37.68,37.35,5.58M,-0.11%
09/07/2017,37.54,37.24,37.54,37.18,3.60M,0.72%
09/06/2017,37.27,37.06,37.37,37.00,4.19M,1.14%
09/05/2017,36.85,37.25,37.40,36.65,7.12M,-0.99%
09/01/2017,37.22,37.00,37.24,36.91,4.10M,0.68%
08/31/2017,36.97,36.95,36.98,36.70,4.29M,0.11%
08/30/2017,36.93,36.88,37.08,36.80,2.84M,0.14%
08/29/2017,36.88,36.52,36.97,36.50,3.00M,0.30%
08/28/2017,36.77,36.59,36.87,36.57,2.20M,-0.22%
08/25/2017,36.85,36.93,37.06,36.75,2.98M,0.05%
08/24/2017,36.83,36.78,36.93,36.58,4.54M,0.68%
08/23/2017,36.58,36.47,36.60,36.37,2.96M,0.16%
08/22/2017,36.52,36.47,36.67,36.34,3.20M,1.50%
08/21/2017,35.98,35.91,36.01,35.63,3.59M,0.33%
08/18/2017,35.86,36.00,36.10,35.61,3.69M,0.20%
08/17/2017,35.79,36.30,36.34,35.77,3.32M,-1.51%
08/16/2017,36.34,36.20,36.44,36.14,3.23M,-0.22%
08/15/2017,36.42,36.19,36.49,36.09,3.82M,1.03%
08/14/2017,36.05,36.03,36.10,35.85,3.88M,-0.25%
08/11/2017,36.14,35.52,36.20,35.43,4.29M,2.26%
08/10/2017,35.34,36.00,36.03,35.34,5.61M,-3.07%
08/09/2017,36.46,36.20,36.47,36.03,3.15M,-0.65%
08/08/2017,36.70,36.71,36.96,36.64,3.30M,-0.24%
08/07/2017,36.79,36.26,36.82,36.26,4.86M,2.11%
08/04/2017,36.03,35.93,36.08,35.76,4.07M,0.67%
08/03/2017,35.79,36.11,36.11,35.65,3.92M,-0.78%
08/02/2017,36.07,36.40,36.47,35.86,6.06M,0.64%
08/01/2017,35.84,35.95,35.99,35.71,5.44M,-0.33%
07/31/2017,35.96,36.03,36.40,35.85,7.76M,0.28%
07/28/2017,35.86,36.05,36.07,35.70,3.68M,-0.88%
07/27/2017,36.18,36.54,36.61,35.95,7.24M,-0.11%
07/26/2017,36.22,36.10,36.25,35.94,4.34M,0.33%
07/25/2017,36.10,36.01,36.25,35.97,5.28M,-0.33%
07/24/2017,36.22,36.11,36.22,36.01,6.84M,1.03%
07/21/2017,35.85,36.06,36.06,35.70,5.02M,-0.69%
07/20/2017,36.10,36.41,36.41,36.08,7.00M,-0.85%
07/19/2017,36.41,36.06,36.42,36.06,7.03M,1.51%
07/18/2017,35.87,35.88,36.04,35.72,6.19M,-0.11%
07/17/2017,35.91,36.03,36.06,35.64,4.65M,-0.94%
07/14/2017,36.25,36.13,36.35,35.98,7.20M,0.28%
07/13/2017,36.15,35.46,36.16,35.46,9.94M,1.29%
07/12/2017,35.69,35.65,35.80,35.50,9.21M,0.88%
07/11/2017,35.38,35.43,35.43,35.05,9.30M,1.09%
07/10/2017,35.00,34.61,35.16,34.55,7.78M,1.07%
07/07/2017,34.63,34.55,34.66,34.48,7.94M,0.38%
07/06/2017,34.50,34.50,34.64,34.31,6.49M,-0.92%
07/05/2017,34.82,35.08,35.08,34.63,9.22M,-0.17%
07/03/2017,34.88,35.04,35.17,34.83,4.47M,-0.23%
06/30/2017,34.96,34.84,35.09,34.70,5.18M,0.43%
06/29/2017,34.81,35.23,35.23,34.53,7.33M,-1.53%
06/28/2017,35.35,35.27,35.39,34.75,8.31M,0.74%
06/27/2017,35.09,35.79,35.79,34.97,8.08M,-2.88%
06/26/2017,36.13,36.44,36.52,35.92,10.13M,-1.63%
06/23/2017,36.73,36.72,36.78,36.54,5.56M,0.05%
06/22/2017,36.71,36.72,36.92,36.63,6.27M,0.00%
06/21/2017,36.71,36.21,36.78,36.21,6.33M,1.61%
06/20/2017,36.13,36.52,36.74,36.12,4.99M,-0.22%
06/19/2017,36.21,36.13,36.36,36.07,4.52M,0.95%
06/16/2017,35.87,35.87,35.95,35.72,7.43M,1.21%
06/15/2017,35.44,35.11,35.47,35.01,4.62M,-0.59%
06/14/2017,35.65,35.47,35.77,35.37,7.02M,0.25%
06/13/2017,35.56,35.46,35.59,35.25,4.97M,0.91%
06/12/2017,35.24,35.20,35.61,35.01,11.06M,-1.54%
06/09/2017,35.79,36.58,36.70,35.20,12.04M,-2.82%
06/08/2017,36.83,36.75,36.90,36.54,7.59M,1.01%
06/07/2017,36.46,36.59,36.71,36.38,6.54M,0.08%
06/06/2017,36.43,36.38,36.58,36.23,5.03M,0.11%
06/05/2017,36.39,36.56,36.66,36.30,4.82M,0.58%
06/02/2017,36.18,35.91,36.23,35.85,5.78M,0.81%
06/01/2017,35.89,35.70,35.92,35.53,6.02M,1.50%
05/31/2017,35.36,35.32,35.36,35.10,7.66M,-1.17%
05/30/2017,35.78,35.68,35.81,35.48,4.22M,0.76%
05/26/2017,35.51,35.55,35.58,35.33,3.11M,-0.17%
05/25/2017,35.57,35.66,35.79,35.48,4.52M,0.14%
05/24/2017,35.52,35.42,35.59,35.34,7.81M,0.34%
05/23/2017,35.40,35.39,35.49,35.30,6.61M,0.00%
05/22/2017,35.40,35.39,35.51,35.26,5.91M,0.57%
05/19/2017,35.20,35.08,35.23,34.94,7.28M,0.86%
05/18/2017,34.90,34.44,34.99,34.41,8.30M,1.39%
05/17/2017,34.42,34.80,34.81,34.39,8.13M,-1.74%
05/16/2017,35.03,35.01,35.03,34.80,6.05M,-0.09%
05/15/2017,35.06,35.36,35.39,34.88,9.78M,-0.88%
05/12/2017,35.37,35.50,35.52,35.25,4.90M,-0.53%
05/11/2017,35.56,35.62,35.80,35.37,6.65M,0.42%
05/10/2017,35.41,35.27,35.62,35.08,9.94M,0.00%
05/09/2017,35.41,35.13,35.46,35.13,7.30M,1.23%
05/08/2017,34.98,34.70,35.10,34.63,6.91M,1.63%
05/05/2017,34.42,34.16,34.44,34.02,5.25M,0.82%
05/04/2017,34.14,34.19,34.19,33.97,5.70M,-0.44%
05/03/2017,34.29,33.88,34.29,33.84,6.66M,1.06%
05/02/2017,33.93,33.57,33.99,33.57,5.99M,1.59%
05/01/2017,33.40,33.16,33.41,33.14,4.02M,1.00%
04/28/2017,33.07,33.15,33.25,33.04,5.25M,0.15%
04/27/2017,33.02,33.11,33.30,33.01,5.63M,0.06%
04/26/2017,33.00,33.06,33.11,32.82,6.03M,-0.21%
04/25/2017,33.07,32.76,33.18,32.75,5.61M,1.13%
04/24/2017,32.70,32.58,32.80,32.48,5.72M,1.93%
04/21/2017,32.08,32.09,32.14,31.95,4.53M,0.91%
04/20/2017,31.79,31.77,31.87,31.64,4.24M,0.57%
04/19/2017,31.61,31.92,31.95,31.49,4.74M,-0.57%
04/18/2017,31.79,31.76,31.86,31.63,5.47M,-0.75%
04/17/2017,32.03,32.04,32.07,31.77,6.92M,0.63%
04/13/2017,31.83,32.10,32.45,31.82,8.78M,-1.39%
04/12/2017,32.28,32.47,32.64,32.02,6.14M,-0.37%
04/11/2017,32.40,32.69,32.69,31.98,6.29M,-0.37%
04/10/2017,32.52,32.87,32.87,32.42,4.94M,-1.06%
04/07/2017,32.87,32.86,33.04,32.77,3.37M,0.03%
04/06/2017,32.86,32.88,32.94,32.73,3.99M,-0.12%
04/05/2017,32.90,33.06,33.33,32.87,5.11M,0.12%
04/04/2017,32.86,32.80,32.95,32.77,3.76M,-0.09%
04/03/2017,32.89,32.94,33.00,32.70,4.28M,0.15%
03/31/2017,32.84,32.70,32.94,32.57,4.85M,-0.70%
03/30/2017,33.07,32.84,33.15,32.78,3.89M,0.43%
03/29/2017,32.93,32.95,32.97,32.77,4.08M,-1.26%
03/28/2017,33.35,33.36,33.43,33.13,4.53M,0.54%
03/27/2017,33.17,32.85,33.26,32.77,5.66M,1.10%
03/24/2017,32.81,32.73,33.10,32.61,5.90M,0.77%
03/23/2017,32.56,32.47,32.66,32.37,5.91M,-0.40%
03/22/2017,32.69,32.57,32.84,32.48,6.71M,0.65%
03/21/2017,32.48,33.24,33.53,32.44,9.16M,-1.13%
03/20/2017,32.85,32.80,33.11,32.71,5.13M,0.80%
03/17/2017,32.59,32.60,32.76,32.44,6.20M,0.56%
03/16/2017,32.41,32.25,32.47,32.20,6.49M,1.57%
03/15/2017,31.91,31.38,32.03,31.34,4.57M,2.24%
03/14/2017,31.21,31.38,31.47,31.20,5.97M,-0.92%
03/13/2017,31.50,31.27,31.57,31.24,3.97M,1.42%
03/10/2017,31.06,30.87,31.08,30.82,5.66M,0.26%
03/09/2017,30.98,30.89,31.06,30.72,6.12M,-0.77%
03/08/2017,31.22,31.47,31.52,31.20,4.53M,-0.29%
03/07/2017,31.31,31.01,31.40,30.96,7.01M,1.49%
03/06/2017,30.85,30.80,30.94,30.71,5.47M,0.00%
03/03/2017,30.85,30.87,30.92,30.54,6.12M,-0.06%
03/02/2017,30.87,31.19,31.24,30.79,8.56M,-2.25%
03/01/2017,31.58,31.42,31.60,31.26,4.91M,0.35%
02/28/2017,31.47,31.59,31.68,31.40,6.04M,-0.19%
02/27/2017,31.53,31.82,31.82,31.48,5.84M,-1.22%
02/24/2017,31.92,31.61,31.92,31.47,3.69M,0.54%
02/23/2017,31.75,32.15,32.15,31.73,5.29M,-1.00%
02/22/2017,32.07,32.20,32.20,31.91,5.30M,-0.80%
02/21/2017,32.33,32.39,32.47,32.17,5.48M,-0.03%
02/17/2017,32.34,32.10,32.38,32.02,7.52M,0.06%
02/16/2017,32.32,31.72,32.49,31.63,13.20M,1.80%
02/15/2017,31.75,31.50,31.80,31.50,4.58M,1.34%
02/14/2017,31.33,31.47,31.47,31.11,5.21M,-1.14%
02/13/2017,31.69,30.94,31.80,30.94,10.20M,3.19%
02/10/2017,30.71,30.44,30.81,30.34,6.75M,1.66%
02/09/2017,30.21,30.43,30.50,30.17,8.55M,-0.40%
02/08/2017,30.33,30.69,30.70,30.29,7.78M,-0.62%
02/07/2017,30.52,30.91,30.97,30.50,6.21M,-1.13%
02/06/2017,30.87,30.95,30.95,30.70,3.52M,-0.32%
02/03/2017,30.97,30.96,31.08,30.80,5.25M,0.62%
02/02/2017,30.78,30.71,30.89,30.61,5.79M,-0.97%
02/01/2017,31.08,31.24,31.31,30.84,5.04M,0.55%
01/31/2017,30.91,31.04,31.16,30.73,6.26M,-0.90%
01/30/2017,31.19,31.07,31.20,30.94,7.25M,-0.19%
01/27/2017,31.25,31.17,31.35,31.00,5.98M,0.45%
01/26/2017,31.11,31.26,31.45,31.01,8.31M,-0.64%
01/25/2017,31.31,31.10,31.33,30.94,8.03M,1.59%
01/24/2017,30.82,30.53,30.90,30.51,7.21M,1.62%
01/23/2017,30.33,30.31,30.49,30.21,6.96M,0.86%
01/20/2017,30.07,29.62,30.26,29.57,7.40M,1.48%
01/19/2017,29.63,29.49,29.68,29.39,8.49M,0.47%
01/18/2017,29.49,29.55,29.68,29.44,7.69M,-0.44%
01/17/2017,29.62,29.61,29.65,29.46,7.68M,0.61%
01/13/2017,29.44,29.50,29.65,29.22,9.81M,0.51%
01/12/2017,29.29,29.32,29.86,28.98,13.03M,-2.92%
01/11/2017,30.17,29.78,30.20,29.71,7.47M,0.33%
01/10/2017,30.07,30.04,30.30,29.89,7.58M,0.10%
01/09/2017,30.04,29.79,30.14,29.72,8.37M,1.38%
01/06/2017,29.63,29.74,29.85,29.46,4.88M,-0.57%
01/05/2017,29.80,29.53,29.91,29.52,4.78M,1.71%
01/04/2017,29.30,29.39,29.46,29.20,4.39M,-0.03%
01/03/2017,29.31,29.25,29.51,29.06,6.28M,1.95%
12/30/2016,28.75,29.20,29.23,28.62,4.86M,-1.30%
12/29/2016,29.13,28.99,29.16,28.81,5.32M,0.03%
12/28/2016,29.12,29.26,29.32,29.04,3.66M,0.07%
12/27/2016,29.10,29.00,29.23,29.00,3.08M,0.17%
12/23/2016,29.05,28.78,29.13,28.69,4.85M,1.08%
12/22/2016,28.74,28.99,29.00,28.50,7.46M,-1.37%
12/21/2016,29.14,29.23,29.28,28.91,6.27M,-0.58%
12/20/2016,29.31,29.35,29.56,29.14,5.57M,0.14%
12/19/2016,29.27,29.49,29.54,29.17,6.16M,-0.71%
12/16/2016,29.48,30.05,30.08,29.39,6.66M,-2.25%
12/15/2016,30.16,30.16,30.29,30.03,5.07M,0.97%
12/14/2016,29.87,30.26,30.39,29.85,6.11M,-1.61%
12/13/2016,30.36,30.06,30.64,30.03,5.86M,1.54%
12/12/2016,29.90,29.97,29.97,29.63,3.43M,-0.73%
12/09/2016,30.12,30.32,30.63,29.96,4.39M,0.27%
12/08/2016,30.04,30.27,30.27,29.86,4.09M,0.37%
12/07/2016,29.93,29.48,29.94,29.25,3.91M,1.42%
12/06/2016,29.51,29.31,29.61,29.20,4.34M,1.69%
12/05/2016,29.02,28.94,29.29,28.87,3.95M,0.55%
12/02/2016,28.86,28.52,28.87,28.39,5.20M,1.09%
12/01/2016,28.55,29.50,29.52,28.34,12.50M,-3.84%
11/30/2016,29.69,29.55,29.82,29.40,6.40M,0.47%
11/29/2016,29.55,29.58,29.75,29.14,9.25M,-0.37%
11/28/2016,29.66,29.71,29.94,29.54,5.43M,0.00%
11/25/2016,29.66,29.75,29.81,29.61,2.10M,-0.77%
11/23/2016,29.89,29.90,30.12,29.74,4.12M,-0.07%
11/22/2016,29.91,29.97,30.14,29.77,8.94M,0.88%
11/21/2016,29.65,29.60,29.74,29.46,4.48M,0.61%
11/18/2016,29.47,29.43,29.57,29.19,5.14M,0.00%
11/17/2016,29.47,30.00,30.02,29.35,7.07M,-1.31%
11/16/2016,29.86,29.09,29.90,29.09,8.80M,2.26%
11/15/2016,29.20,29.31,29.44,28.77,11.14M,1.21%
11/14/2016,28.85,29.28,29.59,28.81,8.55M,-3.61%
11/11/2016,29.93,29.06,30.08,28.76,7.51M,1.66%
11/10/2016,29.44,30.55,30.55,29.37,10.10M,-3.76%
11/09/2016,30.59,30.64,30.99,30.30,9.00M,-2.39%
11/08/2016,31.34,31.20,31.50,31.01,4.08M,-0.03%
11/07/2016,31.35,30.72,31.38,30.68,3.98M,3.67%
11/04/2016,30.24,30.21,30.45,30.02,4.43M,-0.13%
11/03/2016,30.28,30.35,30.50,30.18,4.89M,-0.36%
11/02/2016,30.39,30.67,30.73,30.24,5.27M,-1.04%
11/01/2016,30.71,31.12,31.20,30.48,5.82M,-1.25%
10/31/2016,31.10,30.93,31.13,30.84,3.21M,1.07%
10/28/2016,30.77,30.94,31.10,30.76,5.21M,0.00%
10/27/2016,30.77,31.23,31.26,30.75,6.24M,-1.41%
10/26/2016,31.21,31.19,31.43,31.07,4.12M,-1.08%
10/25/2016,31.55,31.40,31.61,31.38,3.21M,0.45%
10/24/2016,31.41,31.14,31.41,31.08,3.77M,1.06%
10/21/2016,31.08,30.92,31.14,30.76,3.82M,0.06%
10/20/2016,31.06,30.93,31.15,30.80,7.33M,0.26%
10/19/2016,30.98,30.95,31.04,30.66,6.73M,0.39%
10/18/2016,30.86,30.91,30.98,30.69,5.49M,0.95%
10/17/2016,30.57,30.52,30.76,30.38,7.60M,-0.29%
10/14/2016,30.66,31.06,31.27,30.57,9.82M,0.43%
10/13/2016,30.53,30.93,30.93,29.52,17.32M,-2.62%
10/12/2016,31.35,30.90,31.41,30.70,9.59M,2.02%
10/11/2016,30.73,30.99,30.99,30.51,10.16M,-1.76%
10/10/2016,31.28,31.19,31.48,31.16,7.81M,0.32%
10/07/2016,31.18,30.88,31.21,30.64,5.75M,1.33%
10/06/2016,30.77,30.70,30.81,30.38,4.10M,0.79%
10/05/2016,30.53,30.67,30.71,30.50,6.21M,0.46%
10/04/2016,30.39,30.82,30.91,30.36,5.10M,-1.07%
10/03/2016,30.72,30.64,30.81,30.57,4.20M,0.42%
09/30/2016,30.59,30.29,30.68,30.23,5.73M,0.63%
09/29/2016,30.40,30.31,30.65,30.17,5.99M,0.23%
09/28/2016,30.33,30.47,30.50,30.13,4.13M,-0.23%
09/27/2016,30.40,29.80,30.43,29.65,5.71M,1.88%
09/26/2016,29.84,30.02,30.07,29.71,4.36M,-0.93%
09/23/2016,30.12,30.65,30.67,30.02,7.96M,-1.76%
09/22/2016,30.66,30.76,30.95,30.51,5.33M,0.52%
09/21/2016,30.50,30.09,30.56,30.05,8.10M,2.01%
09/20/2016,29.90,30.16,30.24,29.89,5.76M,-0.10%
09/19/2016,29.93,29.91,30.12,29.87,7.70M,3.53%
09/16/2016,28.91,29.13,29.22,28.77,7.33M,-0.93%
09/15/2016,29.18,28.61,29.27,28.61,6.32M,1.96%
09/14/2016,28.62,28.52,28.75,28.36,5.09M,0.46%
09/13/2016,28.49,28.71,28.78,28.31,6.86M,-1.72%
09/12/2016,28.99,28.55,29.04,28.20,5.84M,1.40%
09/09/2016,28.59,29.30,29.33,28.55,8.33M,-4.03%
09/08/2016,29.79,29.90,29.92,29.64,6.36M,-0.10%
09/07/2016,29.82,30.35,30.55,29.78,14.43M,1.12%
09/06/2016,29.49,29.51,29.72,29.30,6.43M,1.20%
09/02/2016,29.14,29.10,29.21,29.03,6.05M,0.62%
09/01/2016,28.96,28.69,29.03,28.63,6.07M,0.77%
08/31/2016,28.74,28.76,28.98,28.67,4.67M,0.42%
08/30/2016,28.62,28.59,28.69,28.53,5.00M,-0.28%
08/29/2016,28.70,28.58,28.77,28.56,3.14M,0.21%
08/26/2016,28.64,28.60,28.89,28.43,5.27M,0.14%
08/25/2016,28.60,28.63,28.84,28.52,6.39M,0.74%
08/24/2016,28.39,28.57,28.60,28.34,5.39M,-0.39%
08/23/2016,28.50,28.60,28.69,28.46,5.50M,0.35%
08/22/2016,28.40,28.30,28.48,28.22,6.42M,-0.84%
08/19/2016,28.64,28.63,28.69,28.51,6.24M,-1.78%
08/18/2016,29.16,28.91,29.20,28.84,4.25M,0.62%
08/17/2016,28.98,29.00,29.00,28.74,7.00M,-0.34%
08/16/2016,29.08,29.16,29.20,28.98,5.91M,-1.05%
08/15/2016,29.39,29.38,29.45,29.31,3.19M,0.51%
08/12/2016,29.24,29.17,29.27,29.06,3.48M,0.34%
08/11/2016,29.14,29.14,29.37,28.80,9.13M,-0.27%
08/10/2016,29.22,29.42,29.45,29.18,8.23M,-0.61%
08/09/2016,29.40,29.18,29.43,29.14,6.66M,1.07%
08/08/2016,29.09,28.76,29.14,28.71,8.73M,1.04%
08/05/2016,28.79,28.65,28.85,28.63,5.57M,1.37%
08/04/2016,28.40,28.22,28.43,28.12,3.16M,0.85%
08/03/2016,28.16,28.08,28.24,27.91,3.87M,0.00%
08/02/2016,28.16,28.49,28.49,28.06,6.09M,-1.61%
08/01/2016,28.62,28.35,28.75,28.35,7.33M,3.02%
07/29/2016,27.78,28.10,28.10,27.66,7.37M,-1.28%
07/28/2016,28.14,28.29,28.39,28.00,4.75M,0.14%
07/27/2016,28.10,28.49,28.49,27.94,7.06M,-0.81%
07/26/2016,28.33,27.97,28.41,27.96,10.18M,1.69%
07/25/2016,27.86,27.49,27.92,27.49,7.80M,0.43%
07/22/2016,27.74,27.53,27.79,27.48,5.12M,0.95%
07/21/2016,27.48,27.67,27.82,27.42,6.39M,-0.25%
07/20/2016,27.55,27.40,27.59,27.28,5.81M,1.03%
07/19/2016,27.27,27.38,27.52,27.19,5.00M,-1.34%
07/18/2016,27.64,27.31,27.65,27.15,7.77M,2.33%
07/15/2016,27.01,27.19,27.26,26.97,6.00M,-0.37%
07/14/2016,27.11,27.00,27.23,26.64,12.15M,0.82%
07/13/2016,26.89,26.92,27.01,26.76,10.55M,-0.30%
07/12/2016,26.97,27.20,27.29,26.84,8.54M,-0.85%
07/11/2016,27.20,27.16,27.37,27.13,6.05M,1.76%
07/08/2016,26.73,26.50,26.80,26.41,5.78M,1.60%
07/07/2016,26.31,26.25,26.53,26.23,5.33M,0.61%
07/06/2016,26.15,25.80,26.20,25.75,6.06M,-0.42%
07/05/2016,26.26,26.16,26.30,26.12,5.68M,-1.02%
07/01/2016,26.53,26.63,26.65,26.49,5.94M,1.14%
06/30/2016,26.23,26.07,26.42,25.83,9.77M,1.67%
06/29/2016,25.80,25.68,25.97,25.67,8.76M,2.14%
06/28/2016,25.26,25.22,25.37,25.09,14.43M,1.45%
06/27/2016,24.90,24.64,24.96,24.36,10.33M,-3.04%
06/24/2016,25.68,25.59,26.20,25.51,9.53M,-4.21%
06/23/2016,26.81,26.64,26.81,26.52,6.71M,1.02%
06/22/2016,26.54,26.60,26.92,26.52,8.01M,-0.19%
06/21/2016,26.59,26.45,26.65,26.34,6.10M,0.83%
06/20/2016,26.37,26.32,26.64,26.28,10.02M,2.01%
06/17/2016,25.85,25.89,25.93,25.60,5.81M,-0.04%
06/16/2016,25.86,25.51,25.91,25.38,4.64M,0.08%
06/15/2016,25.84,25.67,26.03,25.66,6.93M,1.06%
06/14/2016,25.57,25.54,25.71,25.39,7.19M,-0.23%
06/13/2016,25.63,25.55,25.82,25.50,7.41M,-0.89%
06/10/2016,25.86,25.90,25.97,25.54,6.70M,-1.41%
06/09/2016,26.23,25.91,26.25,25.91,5.76M,-0.38%
06/08/2016,26.33,26.51,26.58,26.29,6.17M,1.04%
06/07/2016,26.06,25.72,26.11,25.70,6.62M,2.32%
06/06/2016,25.47,25.60,25.66,25.43,7.58M,-0.24%
06/03/2016,25.53,25.34,25.60,25.31,5.04M,1.39%
06/02/2016,25.18,25.21,25.25,25.07,4.19M,-0.28%
06/01/2016,25.25,24.96,25.26,24.94,6.13M,2.14%
05/31/2016,24.72,24.83,24.85,24.53,8.00M,-0.32%
05/27/2016,24.80,24.93,25.01,24.78,5.38M,0.04%
05/26/2016,24.79,24.80,24.91,24.59,8.20M,0.69%
05/25/2016,24.62,24.61,24.72,24.52,5.15M,0.61%
05/24/2016,24.47,24.31,24.57,24.26,7.57M,0.82%
05/23/2016,24.27,24.63,24.76,24.21,6.84M,1.51%
05/20/2016,23.91,23.50,24.02,23.43,8.38M,2.84%
05/19/2016,23.25,23.31,23.32,23.05,3.87M,-1.15%
05/18/2016,23.52,23.00,23.64,22.90,10.03M,2.48%
05/17/2016,22.95,23.20,23.31,22.91,4.02M,-0.69%
05/16/2016,23.11,22.97,23.24,22.91,4.65M,1.27%
05/13/2016,22.82,22.85,23.00,22.77,4.84M,-0.74%
05/12/2016,22.99,23.23,23.29,22.75,7.67M,-0.99%
05/11/2016,23.22,23.36,23.45,23.13,6.19M,-0.73%
05/10/2016,23.39,23.30,23.44,23.23,5.37M,0.09%
05/09/2016,23.37,23.40,23.49,23.20,5.19M,-0.17%
05/06/2016,23.41,23.50,23.61,23.34,5.37M,-0.38%
05/05/2016,23.50,23.45,23.69,23.40,7.24M,0.34%
05/04/2016,23.42,23.31,23.55,23.23,7.79M,0.43%
05/03/2016,23.32,23.35,23.45,23.16,9.32M,-1.56%
05/02/2016,23.69,23.58,23.75,23.46,6.11M,0.42%
04/29/2016,23.59,24.00,24.01,23.42,14.96M,-2.36%
04/28/2016,24.16,24.65,24.88,24.07,12.17M,-4.32%
04/27/2016,25.25,24.90,25.34,24.82,7.30M,0.96%
04/26/2016,25.01,25.20,25.35,24.98,9.92M,0.00%
04/25/2016,25.01,25.15,25.33,24.95,7.77M,-0.24%
04/22/2016,25.07,25.18,25.31,24.95,6.45M,-0.36%
04/21/2016,25.16,25.30,25.35,25.00,6.04M,0.16%
04/20/2016,25.12,24.93,25.25,24.74,9.39M,-0.16%
04/19/2016,25.16,25.52,25.67,25.14,9.38M,-1.33%
04/18/2016,25.50,25.38,25.68,25.32,6.51M,0.16%
04/15/2016,25.46,25.51,25.58,25.37,8.02M,0.63%
04/14/2016,25.30,25.30,25.53,25.09,13.87M,-3.32%
04/13/2016,26.17,25.95,26.20,25.78,9.08M,2.35%
04/12/2016,25.57,25.70,25.71,25.31,4.77M,0.24%
04/11/2016,25.51,25.70,25.84,25.50,5.41M,0.91%
04/08/2016,25.28,25.75,25.81,25.21,8.21M,-0.35%
04/07/2016,25.37,25.49,25.52,25.25,7.77M,-0.98%
04/06/2016,25.62,25.15,25.74,25.02,8.33M,0.43%
04/05/2016,25.51,25.51,25.63,25.24,8.61M,-1.32%
04/04/2016,25.85,26.13,26.13,25.81,4.30M,-1.03%
04/01/2016,26.12,25.88,26.20,25.77,5.09M,-0.31%
03/31/2016,26.20,26.28,26.44,26.18,5.37M,-0.98%
03/30/2016,26.46,26.32,26.62,26.32,6.00M,1.89%
03/29/2016,25.97,25.56,26.02,25.44,4.55M,1.33%
03/28/2016,25.63,25.72,25.76,25.54,2.20M,-0.39%
03/24/2016,25.73,25.52,25.75,25.44,5.55M,0.19%
03/23/2016,25.68,25.82,25.82,25.54,5.47M,-0.50%
03/22/2016,25.81,25.76,26.06,25.66,6.25M,-0.46%
03/21/2016,25.93,25.88,26.02,25.75,5.49M,-0.42%
03/18/2016,26.04,25.88,26.25,25.80,7.21M,1.05%
03/17/2016,25.77,25.74,25.85,25.62,6.26M,-0.04%
03/16/2016,25.78,24.76,25.80,24.72,10.87M,3.62%
03/15/2016,24.88,24.90,25.20,24.73,8.84M,-1.35%
03/14/2016,25.22,25.31,25.38,25.11,4.11M,-0.51%
03/11/2016,25.35,25.00,25.38,24.99,7.56M,2.47%
03/10/2016,24.74,24.86,25.00,24.50,6.48M,0.00%
03/09/2016,24.74,24.72,24.79,24.52,5.81M,0.37%
03/08/2016,24.65,24.36,24.85,24.32,11.73M,-0.20%
03/07/2016,24.70,24.40,24.72,24.06,8.97M,0.20%
03/04/2016,24.65,24.56,24.95,24.44,7.26M,0.37%
03/03/2016,24.56,24.63,24.87,24.45,7.96M,-0.24%
03/02/2016,24.62,24.45,24.70,24.38,5.84M,0.16%
03/01/2016,24.58,24.15,24.68,23.99,9.86M,4.37%
02/29/2016,23.55,23.57,23.75,23.46,6.61M,-0.93%
02/26/2016,23.77,23.69,24.09,23.42,9.92M,0.34%
02/25/2016,23.69,23.68,23.70,23.38,5.08M,1.15%
02/24/2016,23.42,23.08,23.50,22.83,5.27M,0.09%
02/23/2016,23.40,23.74,23.75,23.26,5.80M,-2.34%
02/22/2016,23.96,24.02,24.13,23.85,7.25M,0.76%
02/19/2016,23.78,23.80,24.03,23.51,8.95M,-0.08%
02/18/2016,23.80,23.98,24.19,23.76,12.78M,0.68%
02/17/2016,23.64,23.36,23.74,23.27,11.96M,1.29%
02/16/2016,23.34,22.62,23.69,22.59,13.84M,4.95%
02/12/2016,22.24,22.29,22.32,21.92,7.33M,1.09%
02/11/2016,22.00,22.16,22.36,21.79,10.39M,-1.35%
02/10/2016,22.30,22.67,22.91,22.28,5.76M,-1.15%
02/09/2016,22.56,22.23,22.68,22.07,8.43M,-1.05%
02/08/2016,22.80,22.48,22.91,22.26,8.36M,0.22%
02/05/2016,22.75,23.01,23.36,22.66,9.33M,-2.07%
02/04/2016,23.23,22.97,23.25,22.92,6.47M,1.35%
02/03/2016,22.92,22.75,23.10,22.59,13.08M,1.60%
02/02/2016,22.56,22.30,22.62,22.28,13.49M,0.45%
02/01/2016,22.46,22.18,22.55,22.15,5.39M,0.49%
01/29/2016,22.35,21.87,22.40,21.87,9.01M,3.33%
01/28/2016,21.63,21.78,21.87,21.48,7.17M,-0.23%
01/27/2016,21.68,21.72,22.00,21.61,6.43M,0.42%
01/26/2016,21.59,21.78,21.86,21.50,7.71M,-0.92%
01/25/2016,21.79,21.71,22.07,21.70,8.46M,-0.64%
01/22/2016,21.93,21.76,21.95,21.61,8.37M,2.81%
01/21/2016,21.33,21.15,21.47,20.85,9.10M,1.14%
01/20/2016,21.09,20.84,21.21,20.74,10.82M,-2.63%
01/19/2016,21.66,21.63,21.80,21.23,14.81M,2.65%
01/15/2016,21.10,20.56,21.28,20.56,12.07M,-3.30%
01/14/2016,21.82,20.73,21.86,20.70,18.69M,6.54%
01/13/2016,20.48,20.90,21.07,20.45,12.86M,-1.30%
01/12/2016,20.75,21.23,21.24,20.51,11.63M,-0.86%
01/11/2016,20.93,21.17,21.25,20.70,9.77M,0.58%
01/08/2016,20.81,21.27,21.40,20.77,9.29M,-1.37%
01/07/2016,21.10,20.88,21.38,20.82,11.24M,-1.12%
01/06/2016,21.34,21.66,21.71,21.26,8.06M,-2.78%
01/05/2016,21.95,22.18,22.41,21.95,7.64M,-0.63%
01/04/2016,22.09,22.24,22.30,21.86,9.15M,-2.90%
12/31/2015,22.75,22.86,23.00,22.57,3.90M,-0.57%
12/30/2015,22.88,23.05,23.09,22.84,2.57M,-0.87%
12/29/2015,23.08,23.07,23.23,22.98,4.14M,0.30%
12/28/2015,23.01,23.15,23.19,22.85,3.10M,-0.60%
12/24/2015,23.15,23.15,23.28,23.08,2.01M,0.30%
12/23/2015,23.08,23.20,23.21,22.97,6.17M,0.09%
12/22/2015,23.06,22.98,23.09,22.95,4.55M,0.48%
12/21/2015,22.95,22.93,23.05,22.75,4.96M,0.09%
12/18/2015,22.93,22.77,23.08,22.72,8.65M,-0.13%
12/17/2015,22.96,23.09,23.29,22.95,8.93M,-0.86%
12/16/2015,23.16,23.11,23.23,22.89,7.38M,1.49%
12/15/2015,22.82,22.42,22.90,22.41,9.44M,2.70%
12/14/2015,22.22,22.33,22.41,22.07,7.90M,0.18%
12/11/2015,22.18,22.42,22.56,22.16,11.33M,-2.08%
12/10/2015,22.65,22.72,22.85,22.61,7.17M,-0.35%
12/09/2015,22.73,22.95,23.01,22.65,8.66M,-1.52%
12/08/2015,23.08,23.00,23.22,22.88,6.13M,-0.69%
12/07/2015,23.24,23.45,23.50,23.18,4.63M,-0.30%
12/04/2015,23.31,22.83,23.37,22.73,6.36M,1.66%
12/03/2015,22.93,23.28,23.31,22.82,5.88M,-1.12%
12/02/2015,23.19,23.19,23.36,23.06,6.83M,-0.39%
12/01/2015,23.28,22.84,23.34,22.83,10.26M,2.28%
11/30/2015,22.76,22.44,22.87,22.38,8.61M,1.38%
11/27/2015,22.45,22.39,22.64,22.34,4.00M,-0.49%
11/25/2015,22.56,22.57,22.66,22.50,5.44M,0.27%
11/24/2015,22.50,22.43,22.58,22.16,8.91M,-0.31%
11/23/2015,22.57,22.92,22.94,22.54,5.50M,-1.14%
11/20/2015,22.83,22.81,22.89,22.71,6.04M,0.71%
11/19/2015,22.67,22.94,22.94,22.59,7.12M,0.67%
11/18/2015,22.52,22.38,22.56,22.15,8.01M,0.00%
11/17/2015,22.52,22.43,22.82,22.38,7.15M,0.76%
11/16/2015,22.35,21.83,22.38,21.80,7.12M,2.10%
11/13/2015,21.89,22.07,22.15,21.57,7.88M,-1.57%
11/12/2015,22.24,22.44,22.68,22.24,5.69M,-1.51%
11/11/2015,22.58,22.42,22.70,22.28,5.26M,0.31%
11/10/2015,22.51,22.51,22.67,22.33,7.39M,-1.96%
11/09/2015,22.96,22.75,22.98,22.68,8.63M,0.61%
11/06/2015,22.82,22.59,22.83,22.43,8.81M,-0.70%
11/05/2015,22.98,23.23,23.23,22.95,8.35M,-2.42%
11/04/2015,23.55,23.10,23.66,23.05,14.37M,3.43%
11/03/2015,22.77,22.24,22.95,22.11,12.85M,3.03%
11/02/2015,22.10,21.86,22.14,21.77,5.72M,0.64%
10/30/2015,21.96,21.84,22.07,21.65,8.79M,0.64%
10/29/2015,21.82,21.81,21.82,21.52,7.94M,-1.18%
10/28/2015,22.08,22.07,22.27,21.86,9.91M,-0.54%
10/27/2015,22.20,22.06,22.30,21.88,6.89M,0.18%
10/26/2015,22.16,22.47,22.52,21.60,12.35M,-1.38%
10/23/2015,22.47,22.75,22.75,22.40,11.85M,-0.18%
10/22/2015,22.51,22.39,22.62,22.32,8.21M,1.31%
10/21/2015,22.22,22.33,22.45,22.14,8.18M,-0.40%
10/20/2015,22.31,22.20,22.42,22.17,6.72M,0.36%
10/19/2015,22.23,22.08,22.30,21.96,8.94M,0.32%
10/16/2015,22.16,22.01,22.22,21.99,9.60M,0.96%
10/15/2015,21.95,22.55,22.79,21.79,17.87M,-1.75%
10/14/2015,22.34,21.78,22.53,21.66,22.80M,1.82%
10/13/2015,21.94,21.82,22.02,21.68,12.74M,-0.68%
10/12/2015,22.09,22.07,22.20,22.01,6.78M,0.64%
10/09/2015,21.95,22.31,22.43,21.91,11.65M,-1.35%
10/08/2015,22.25,21.78,22.27,21.66,10.34M,1.46%
10/07/2015,21.93,21.68,22.10,21.63,13.74M,3.30%
10/06/2015,21.23,21.06,21.36,20.96,10.58M,-0.79%
10/05/2015,21.40,21.06,21.44,20.79,10.94M,3.08%
10/02/2015,20.76,20.21,20.77,20.21,15.27M,-0.48%
10/01/2015,20.86,20.95,21.00,20.60,14.51M,0.53%
09/30/2015,20.75,20.36,20.79,20.33,12.40M,4.32%
09/29/2015,19.89,19.62,19.95,19.49,10.92M,1.32%
09/28/2015,19.63,19.97,20.05,19.58,15.58M,-2.09%
09/25/2015,20.05,20.16,20.30,19.96,10.74M,0.30%
09/24/2015,19.99,19.89,20.03,19.56,11.09M,-0.10%
09/23/2015,20.01,19.65,20.29,19.60,22.17M,0.30%
09/22/2015,19.95,20.17,20.23,19.88,13.48M,-2.83%
09/21/2015,20.53,20.53,20.72,20.40,12.29M,-0.39%
09/18/2015,20.61,20.53,20.76,20.35,14.06M,-0.24%
09/17/2015,20.66,20.58,21.02,20.57,11.39M,-0.05%
09/16/2015,20.67,20.71,20.75,20.46,11.47M,1.37%
09/15/2015,20.39,20.16,20.55,20.04,11.47M,1.75%
09/14/2015,20.04,19.99,20.17,19.89,7.79M,0.70%
09/11/2015,19.90,19.74,19.95,19.61,9.55M,1.02%
09/10/2015,19.70,19.80,19.91,19.27,17.81M,-0.91%
09/09/2015,19.88,20.44,20.66,19.82,10.32M,-0.85%
09/08/2015,20.05,19.96,20.06,19.82,10.39M,1.93%
09/04/2015,19.67,19.70,19.83,19.60,8.94M,-1.99%
09/03/2015,20.07,20.15,20.23,20.02,8.17M,0.65%
09/02/2015,19.94,19.70,20.07,19.65,14.67M,2.73%
09/01/2015,19.41,19.35,19.76,19.25,14.19M,-2.36%
08/31/2015,19.88,20.16,20.19,19.75,9.08M,-0.60%
08/28/2015,20.00,19.63,20.08,19.55,10.98M,0.30%
08/27/2015,19.94,19.62,19.94,19.58,17.88M,2.52%
08/26/2015,19.45,19.34,19.48,18.94,20.95M,3.68%
08/25/2015,18.76,19.73,20.01,18.70,25.64M,0.00%
08/24/2015,18.76,17.74,19.43,17.32,31.88M,-0.64%
08/21/2015,18.88,19.25,19.51,18.87,20.22M,-3.72%
08/20/2015,19.61,19.79,20.07,19.61,12.87M,-1.51%
08/19/2015,19.91,20.00,20.06,19.63,12.52M,-0.60%
08/18/2015,20.03,20.18,20.20,20.01,10.41M,-1.23%
08/17/2015,20.28,19.90,20.31,19.69,18.06M,-0.49%
08/14/2015,20.38,20.37,20.40,20.22,11.36M,-0.78%
08/13/2015,20.54,20.55,20.69,20.41,7.87M,-1.01%
08/12/2015,20.75,20.53,20.78,20.18,20.96M,-0.38%
08/11/2015,20.83,21.00,21.10,20.55,18.69M,-3.61%
08/10/2015,21.61,21.12,21.89,20.92,25.40M,2.76%
08/07/2015,21.03,21.26,21.41,20.99,16.64M,-1.17%
08/06/2015,21.28,21.42,21.55,21.01,12.95M,-1.53%
08/05/2015,21.61,21.55,21.87,21.52,7.51M,0.75%
08/04/2015,21.45,21.83,21.91,21.34,13.83M,-1.24%
08/03/2015,21.72,21.90,21.90,21.52,11.95M,-1.76%
07/31/2015,22.11,22.55,22.61,22.03,16.31M,-2.60%
07/30/2015,22.70,22.23,22.78,22.19,17.40M,2.67%
07/29/2015,22.11,21.82,22.27,21.74,12.78M,1.05%
07/28/2015,21.88,21.71,21.98,21.60,13.10M,1.16%
07/27/2015,21.63,21.57,21.69,21.33,10.17M,-0.05%
07/24/2015,21.64,22.06,22.21,21.61,15.05M,-3.00%
07/23/2015,22.31,22.13,22.50,22.09,16.25M,0.41%
07/22/2015,22.22,22.47,22.54,22.11,17.28M,-2.88%
07/21/2015,22.88,22.94,23.16,22.83,9.37M,-0.09%
07/20/2015,22.90,22.62,23.04,22.62,12.31M,-0.56%
07/17/2015,23.03,22.95,23.09,22.78,10.31M,1.32%
07/16/2015,22.73,22.05,22.83,21.70,29.85M,0.75%
07/15/2015,22.56,22.71,22.91,22.41,13.86M,-1.05%
07/14/2015,22.80,22.77,22.89,22.69,8.78M,-0.26%
07/13/2015,22.86,22.69,22.88,22.56,11.50M,1.28%
07/10/2015,22.57,22.34,22.67,22.34,9.04M,1.58%
07/09/2015,22.22,22.58,22.65,22.11,12.15M,-0.04%
07/08/2015,22.23,22.59,22.66,22.18,13.96M,-3.18%
07/07/2015,22.96,22.81,23.00,22.44,10.13M,0.09%
07/06/2015,22.94,23.00,23.26,22.87,7.48M,-0.91%
07/02/2015,23.15,23.00,23.33,22.95,7.88M,0.96%
07/01/2015,22.93,23.13,23.23,22.84,12.40M,0.97%
06/30/2015,22.71,22.86,23.12,22.67,15.84M,1.47%
06/29/2015,22.38,22.67,22.94,22.36,14.49M,-5.29%
06/26/2015,23.63,23.92,24.04,23.44,14.81M,-1.87%
06/25/2015,24.08,24.04,24.33,24.00,8.37M,0.75%
06/24/2015,23.90,23.96,24.00,23.83,9.37M,-0.13%
06/23/2015,23.93,24.01,24.04,23.75,9.34M,0.38%
06/22/2015,23.84,23.66,23.89,23.59,13.41M,1.88%
06/19/2015,23.40,23.62,23.68,23.39,11.61M,-1.52%
06/18/2015,23.76,23.66,23.83,23.57,11.23M,0.68%
06/17/2015,23.60,23.56,23.70,23.45,12.64M,0.08%
06/16/2015,23.58,23.24,23.65,23.20,12.38M,1.38%
06/15/2015,23.26,23.39,23.44,23.23,12.98M,-1.73%
06/12/2015,23.67,23.54,23.76,23.40,12.12M,0.68%
06/11/2015,23.51,23.66,23.71,23.46,12.84M,0.77%
06/10/2015,23.33,23.05,23.34,23.00,14.61M,2.19%
06/09/2015,22.83,22.87,23.10,22.71,14.05M,0.79%
06/08/2015,22.65,22.87,22.92,22.60,9.16M,-0.92%
06/05/2015,22.86,22.82,23.04,22.75,9.28M,-0.52%
06/04/2015,22.98,23.27,23.43,22.78,16.98M,-2.87%
06/03/2015,23.66,23.78,23.80,23.48,10.85M,-0.04%
06/02/2015,23.67,23.98,24.00,23.64,12.27M,-1.95%
06/01/2015,24.14,24.18,24.24,23.93,10.39M,-0.58%
05/29/2015,24.28,24.05,24.43,23.94,13.17M,-0.70%
05/28/2015,24.45,24.49,24.65,24.36,10.42M,-0.61%
05/27/2015,24.60,24.16,24.70,24.10,14.36M,1.40%
05/26/2015,24.26,24.17,24.38,24.15,10.91M,0.25%
05/22/2015,24.20,24.37,24.58,24.20,8.57M,-0.17%
05/21/2015,24.24,24.38,24.43,24.15,12.18M,-1.38%
05/20/2015,24.58,24.52,24.67,24.41,9.05M,-0.04%
05/19/2015,24.59,24.48,24.66,24.45,10.06M,0.74%
05/18/2015,24.41,24.48,24.48,24.37,9.39M,-0.61%
05/15/2015,24.56,24.45,24.60,24.41,5.95M,0.61%
05/14/2015,24.41,24.37,24.52,24.31,9.13M,-0.12%
05/13/2015,24.44,24.48,24.67,24.39,6.60M,0.25%
05/12/2015,24.38,24.18,24.50,24.14,10.41M,0.04%
05/11/2015,24.37,24.58,24.62,24.34,6.26M,-0.73%
05/08/2015,24.55,24.46,24.74,24.39,11.05M,0.74%
05/07/2015,24.37,24.35,24.41,24.23,7.30M,-0.33%
05/06/2015,24.45,24.38,24.51,24.25,8.30M,0.66%
05/05/2015,24.29,24.20,24.45,24.17,13.23M,-0.12%
05/04/2015,24.32,24.56,24.61,24.27,9.44M,-1.70%
05/01/2015,24.74,24.70,24.84,24.57,9.73M,1.23%
04/30/2015,24.44,24.50,24.62,24.36,16.03M,-1.41%
04/29/2015,24.79,24.85,24.90,24.59,12.64M,-0.88%
04/28/2015,25.01,25.23,25.29,24.80,14.44M,-1.57%
04/27/2015,25.41,24.89,25.77,24.77,25.74M,2.01%
04/24/2015,24.91,25.19,25.31,24.68,28.48M,2.51%
04/23/2015,24.30,23.84,24.42,23.70,22.97M,1.93%
04/22/2015,23.84,23.40,23.84,23.39,15.88M,2.19%
04/21/2015,23.33,23.30,23.37,23.16,13.19M,0.26%
04/20/2015,23.27,23.40,23.62,23.19,15.25M,0.22%
04/17/2015,23.22,23.04,23.25,22.87,16.11M,-0.09%
04/16/2015,23.24,22.83,23.55,22.65,28.32M,-1.15%
04/15/2015,23.51,23.16,23.64,23.09,16.88M,1.42%
04/14/2015,23.18,23.24,23.30,22.83,13.79M,-0.64%
04/13/2015,23.33,23.51,23.69,23.31,11.13M,-0.72%
04/10/2015,23.50,23.73,23.80,23.38,10.53M,0.26%
04/09/2015,23.44,23.25,23.67,23.24,10.18M,1.03%
04/08/2015,23.20,23.13,23.35,23.07,10.84M,-0.81%
04/07/2015,23.39,23.54,23.63,23.35,13.31M,-0.64%
04/06/2015,23.54,23.20,23.73,23.19,11.44M,-0.63%
04/02/2015,23.69,23.62,23.83,23.58,12.44M,1.98%
04/01/2015,23.23,23.43,23.47,23.14,13.31M,-1.06%
03/31/2015,23.48,23.41,23.56,23.32,13.62M,0.99%
03/30/2015,23.25,22.78,23.30,22.78,14.71M,1.35%
03/27/2015,22.94,22.91,23.12,22.66,20.26M,-1.12%
03/26/2015,23.20,23.05,23.51,22.96,36.43M,0.09%
03/25/2015,23.18,24.44,24.45,23.08,32.34M,-5.39%
03/24/2015,24.50,24.61,24.70,24.45,9.07M,-1.21%
03/23/2015,24.80,24.88,24.95,24.75,9.11M,0.12%
03/20/2015,24.77,24.80,24.90,24.68,7.20M,0.45%
03/19/2015,24.66,24.90,25.15,24.63,11.70M,-0.20%
03/18/2015,24.71,24.51,24.90,24.15,14.55M,1.65%
03/17/2015,24.31,24.05,24.44,23.95,12.56M,0.12%
03/16/2015,24.28,23.97,24.39,23.90,18.38M,1.68%
03/13/2015,23.88,23.66,23.97,23.65,9.75M,1.49%
03/12/2015,23.53,23.50,23.75,23.47,10.89M,0.17%
03/11/2015,23.49,23.41,23.72,23.41,9.49M,1.91%
03/10/2015,23.05,23.02,23.26,22.91,12.41M,-1.71%
03/09/2015,23.45,23.67,23.70,23.26,15.60M,-2.66%
03/06/2015,24.09,24.25,24.38,24.04,6.37M,-1.51%
03/05/2015,24.46,24.46,24.48,24.14,6.88M,0.53%
03/04/2015,24.33,24.57,24.60,24.12,9.42M,-0.69%
03/03/2015,24.50,24.71,24.73,24.40,7.49M,-0.53%
03/02/2015,24.63,24.40,24.63,24.40,7.08M,0.41%
02/27/2015,24.53,24.75,24.78,24.47,8.54M,-0.61%
02/26/2015,24.68,24.80,24.99,24.65,7.59M,-1.44%
02/25/2015,25.04,25.05,25.32,24.99,10.39M,0.00%
02/24/2015,25.04,24.38,25.08,24.35,15.93M,3.39%
02/23/2015,24.22,24.41,24.43,24.13,7.83M,-0.90%
02/20/2015,24.44,24.70,24.71,24.30,7.27M,-0.33%
02/19/2015,24.52,24.68,24.71,24.46,9.93M,-0.77%
02/18/2015,24.71,24.69,24.85,24.61,7.43M,-0.24%
02/17/2015,24.77,24.69,24.89,24.68,10.53M,-0.28%
02/13/2015,24.84,24.45,24.96,24.40,11.64M,1.51%
02/12/2015,24.47,24.41,24.48,24.15,10.14M,0.74%
02/11/2015,24.29,23.88,24.35,23.77,14.21M,1.80%
02/10/2015,23.86,23.90,23.95,23.46,17.08M,5.25%
02/09/2015,22.67,22.92,22.94,22.49,12.82M,-1.86%
02/06/2015,23.10,23.45,23.63,23.05,16.53M,-2.37%
02/05/2015,23.66,23.72,23.76,23.31,12.02M,0.34%
02/04/2015,23.58,23.59,23.75,23.45,11.27M,1.86%
02/03/2015,23.15,23.34,23.44,23.06,16.68M,0.92%
02/02/2015,22.94,23.03,23.08,22.70,12.85M,1.01%
01/30/2015,22.71,22.99,23.12,22.67,17.59M,-2.49%
01/29/2015,23.29,23.69,23.80,23.08,19.41M,-2.67%
01/28/2015,23.93,24.44,24.49,23.85,16.76M,-1.07%
